kind,sample,session,source_goal,target_goal,horizon,cycle_full,cycle_semantic,cycle_execution,ground_truth_cycle_full,target_distance,execution_target_distance,target_rank,endpoint_error,decoded_action_mse,future_latent_mse,execution_knn_radius,local_pca_normal_distance,trajectory_jump
observed,0,0,lift_red_block_table,lift_red_block_table,0,0.376039981842041,0.3266582489013672,0.18628057837486267,0.376039981842041,3.6910464763641357,2.6206088066101074,1,0,0.0,0.0,2.6206088066101074,0.9770225286483765,0.0
observed,1,0,place_in_slider,place_in_slider,0,0.6496178507804871,0.554781973361969,0.3379649221897125,0.6496178507804871,4.027568817138672,2.558820962905884,5,1,0.0,0.0,2.558820962905884,0.8588526844978333,0.0
observed,2,0,turn_on_lightbulb,turn_on_lightbulb,0,1.3386703729629517,1.0930248498916626,0.7728745937347412,1.3386703729629517,5.859991073608398,3.464900255203247,1,0,0.0,0.0,3.464900255203247,1.8146016597747803,0.0
observed,3,0,turn_off_lightbulb,turn_off_lightbulb,0,0.40868040919303894,0.33055517077445984,0.2403184175491333,0.40868040919303894,4.6185994148254395,3.4281153678894043,3,1,0.0,0.0,3.4281153678894043,1.0711259841918945,0.0
observed,4,0,push_pink_block_right,push_pink_block_right,0,1.9162992238998413,1.5999103784561157,1.0547460317611694,1.9162992238998413,6.77205753326416,3.9832561016082764,6,1,0.0,0.0,3.9832561016082764,1.588078498840332,0.0
observed,5,0,lift_blue_block_slider,lift_blue_block_slider,0,0.5161883234977722,0.37053975462913513,0.3593754172325134,0.5161883234977722,3.554631471633911,2.611196517944336,5,1,0.0,0.0,2.611196517944336,1.2448194026947021,0.0
observed,6,0,place_in_slider,place_in_slider,0,1.1298431158065796,1.022700309753418,0.4802390933036804,1.1298431158065796,4.315985202789307,3.1813597679138184,5,1,0.0,0.0,3.1813597679138184,1.0139354467391968,0.0
observed,7,0,lift_red_block_table,lift_red_block_table,0,0.6404383182525635,0.5696962475776672,0.2925875782966614,0.6404383182525635,3.6585307121276855,2.4452157020568848,1,0,0.0,0.0,2.4452157020568848,1.500095009803772,0.0
observed,8,0,lift_blue_block_slider,lift_blue_block_slider,0,0.2285352349281311,0.19577379524707794,0.11790242046117783,0.2285352349281311,4.526098728179932,3.595646381378174,4,1,0.0,0.0,3.595646381378174,0.4038662016391754,0.0
observed,9,0,turn_on_lightbulb,turn_on_lightbulb,0,1.0797094106674194,0.9252262711524963,0.556532621383667,1.0797094106674194,5.218865871429443,3.146151065826416,1,0,0.0,0.0,3.146151065826416,1.2940541505813599,0.0
observed,10,0,turn_off_lightbulb,turn_off_lightbulb,0,0.3618641495704651,0.2422301024198532,0.2688312530517578,0.3618641495704651,3.2478950023651123,2.2613561153411865,1,0,0.0,0.0,2.2613561153411865,0.945175051689148,0.0
observed,11,0,lift_red_block_table,lift_red_block_table,0,0.2444974184036255,0.17518502473831177,0.17055554687976837,0.2444974184036255,4.222503185272217,2.379542827606201,5,1,0.0,0.0,2.379542827606201,0.5634508728981018,0.0
observed,12,0,lift_blue_block_slider,lift_blue_block_slider,0,6.550909519195557,6.166223049163818,2.21181058883667,6.550909519195557,9.0226469039917,5.3114800453186035,1,0,0.0,0.0,5.3114800453186035,4.169865608215332,0.0
observed,13,0,turn_off_lightbulb,turn_off_lightbulb,0,1.6037566661834717,1.491081714630127,0.5905171036720276,1.6037566661834717,5.310047626495361,3.0380520820617676,1,0,0.0,0.0,3.0380520820617676,2.050851345062256,0.0
observed,14,0,lift_blue_block_slider,lift_blue_block_slider,0,0.46971479058265686,0.2702254354953766,0.38420072197914124,0.46971479058265686,4.349857330322266,3.126986265182495,1,0,0.0,0.0,3.126986265182495,0.8001723289489746,0.0
observed,15,0,turn_on_lightbulb,turn_on_lightbulb,0,0.5841491222381592,0.5542441606521606,0.18450917303562164,0.5841491222381592,5.285543441772461,4.065950393676758,6,1,0.0,0.0,4.065950393676758,1.036623477935791,0.0
observed,16,0,push_pink_block_right,push_pink_block_right,0,0.8897805213928223,0.6967493295669556,0.5533983707427979,0.8897805213928223,4.031003952026367,2.8242228031158447,2,1,0.0,0.0,2.8242228031158447,1.5420482158660889,0.0
observed,17,0,turn_off_lightbulb,turn_off_lightbulb,0,0.6011186838150024,0.4296937882900238,0.42036521434783936,0.6011186838150024,5.421079158782959,4.20510721206665,5,1,0.0,0.0,4.20510721206665,1.6161919832229614,0.0
observed,18,0,turn_on_lightbulb,turn_on_lightbulb,0,0.5423403382301331,0.4651779234409332,0.27882352471351624,0.5423403382301331,3.095041275024414,2.2169058322906494,2,1,0.0,0.0,2.2169058322906494,0.9913436770439148,0.0
observed,19,0,lift_blue_block_slider,lift_blue_block_slider,0,1.5196564197540283,1.3353006839752197,0.7254846096038818,1.5196564197540283,6.2932000160217285,4.358020782470703,3,1,0.0,0.0,4.358020782470703,1.4355002641677856,0.0
observed,20,0,turn_off_lightbulb,turn_off_lightbulb,0,1.0276131629943848,0.8552253842353821,0.5697178840637207,1.0276131629943848,6.1941142082214355,4.909224033355713,6,1,0.0,0.0,4.909224033355713,1.4725857973098755,0.0
observed,21,0,turn_on_lightbulb,turn_on_lightbulb,0,0.2611131966114044,0.21616865694522858,0.1464623212814331,0.2611131966114044,2.8841052055358887,2.0343594551086426,3,1,0.0,0.0,2.0343594551086426,0.5582571625709534,0.0
observed,22,0,turn_off_lightbulb,turn_off_lightbulb,0,0.315236896276474,0.2482232004404068,0.19431817531585693,0.315236896276474,3.630099058151245,2.3846840858459473,2,1,0.0,0.0,2.3846840858459473,1.1330935955047607,0.0
observed,23,0,push_pink_block_right,push_pink_block_right,0,0.6675218343734741,0.5066564083099365,0.43460872769355774,0.6675218343734741,5.499567985534668,4.006740570068359,4,1,0.0,0.0,4.006740570068359,1.6983965635299683,0.0
observed,24,0,lift_red_block_table,lift_red_block_table,0,0.2531201243400574,0.2136237621307373,0.1357744187116623,0.2531201243400574,4.656726837158203,3.9743895530700684,5,1,0.0,0.0,3.9743895530700684,0.5641347765922546,0.0
observed,25,8,lift_red_block_table,lift_red_block_table,0,0.24483640491962433,0.19374096393585205,0.14969736337661743,0.24483640491962433,3.374222993850708,2.4084599018096924,3,1,0.0,0.0,2.4084599018096924,0.700191080570221,0.0
observed,26,8,turn_on_lightbulb,turn_on_lightbulb,0,0.7703124284744263,0.6801956295967102,0.36154547333717346,0.7703124284744263,4.881852149963379,2.8408913612365723,4,1,0.0,0.0,2.8408913612365723,1.2201480865478516,0.0
observed,27,8,turn_off_lightbulb,turn_off_lightbulb,0,0.508950412273407,0.34770891070365906,0.371657133102417,0.508950412273407,3.716545820236206,2.700535774230957,2,1,0.0,0.0,2.700535774230957,1.1047563552856445,0.0
observed,28,8,turn_on_lightbulb,turn_on_lightbulb,0,0.3305232524871826,0.2735134959220886,0.18556934595108032,0.3305232524871826,4.286844253540039,3.265087604522705,5,1,0.0,0.0,3.265087604522705,0.4106774926185608,0.0
observed,29,8,turn_off_lightbulb,turn_off_lightbulb,0,1.287522792816162,0.8776018023490906,0.9420883059501648,1.287522792816162,4.123757839202881,2.964930534362793,2,1,0.0,0.0,2.964930534362793,0.6118516325950623,0.0
observed,30,8,place_in_slider,place_in_slider,0,1.5952204465866089,1.4733376502990723,0.6115590333938599,1.5952204465866089,4.79862642288208,3.341500759124756,5,1,0.0,0.0,3.341500759124756,1.2661569118499756,0.0
observed,31,8,turn_on_lightbulb,turn_on_lightbulb,0,1.7008088827133179,1.4573410749435425,0.8768738508224487,1.7008088827133179,6.472521781921387,4.2589287757873535,2,1,0.0,0.0,4.2589287757873535,2.295474052429199,0.0
observed,32,8,lift_blue_block_slider,lift_blue_block_slider,0,1.4354130029678345,1.134726643562317,0.8790938854217529,1.4354130029678345,5.205580711364746,3.7902145385742188,5,1,0.0,0.0,3.7902145385742188,1.6646941900253296,0.0
observed,33,8,place_in_slider,place_in_slider,0,0.5883917212486267,0.39375627040863037,0.43721944093704224,0.5883917212486267,3.7840676307678223,2.77144193649292,1,0,0.0,0.0,2.77144193649292,0.8063951730728149,0.0
observed,34,8,turn_off_lightbulb,turn_off_lightbulb,0,0.8442109227180481,0.720943808555603,0.43924036622047424,0.8442109227180481,4.937717437744141,4.049193382263184,5,1,0.0,0.0,4.049193382263184,0.8184595704078674,0.0
observed,35,8,lift_blue_block_slider,lift_blue_block_slider,0,1.6970371007919312,1.5150643587112427,0.764535665512085,1.6970371007919312,3.8190460205078125,2.9246573448181152,1,0,0.0,0.0,2.9246573448181152,1.7469578981399536,0.0
observed,36,8,lift_red_block_table,lift_red_block_table,0,0.9394036531448364,0.8067513704299927,0.48128098249435425,0.9394036531448364,3.9858314990997314,2.9423606395721436,2,1,0.0,0.0,2.9423606395721436,1.3301057815551758,0.0
observed,37,8,turn_on_lightbulb,turn_on_lightbulb,0,1.0802785158157349,0.868460476398468,0.6424779891967773,1.0802785158157349,5.257611274719238,2.9201653003692627,6,1,0.0,0.0,2.9201653003692627,1.306643009185791,0.0
observed,38,8,turn_off_lightbulb,turn_off_lightbulb,0,0.3885420560836792,0.3294770419597626,0.20593640208244324,0.3885420560836792,3.3486721515655518,2.8322415351867676,4,1,0.0,0.0,2.8322415351867676,0.781449556350708,0.0
observed,39,8,lift_red_block_table,lift_red_block_table,0,0.4435938894748688,0.3410698473453522,0.2836315929889679,0.4435938894748688,4.065494060516357,3.113582134246826,4,1,0.0,0.0,3.113582134246826,0.7857980728149414,0.0
observed,40,8,lift_blue_block_slider,lift_blue_block_slider,0,2.192814350128174,1.9616445302963257,0.9799928069114685,2.192814350128174,6.781224250793457,4.411207675933838,4,1,0.0,0.0,4.411207675933838,2.46455454826355,0.0
observed,41,8,lift_red_block_table,lift_red_block_table,0,0.38865891098976135,0.30606192350387573,0.239545077085495,0.38865891098976135,4.281379699707031,3.152698040008545,5,1,0.0,0.0,3.152698040008545,0.5962525606155396,0.0
observed,42,8,place_in_slider,place_in_slider,0,0.314875990152359,0.1363169550895691,0.28383898735046387,0.314875990152359,7.630557060241699,6.452506065368652,6,1,0.0,0.0,6.452506065368652,0.741901695728302,0.0
observed,43,8,lift_red_block_table,lift_red_block_table,0,0.3624727129936218,0.22076807916164398,0.2874855101108551,0.3624727129936218,3.8850154876708984,2.9676527976989746,2,1,0.0,0.0,2.9676527976989746,0.5887539386749268,0.0
observed,44,8,turn_on_lightbulb,turn_on_lightbulb,0,0.5573028922080994,0.5020979046821594,0.24183498322963715,0.5573028922080994,3.6565794944763184,2.971153974533081,4,1,0.0,0.0,2.971153974533081,0.5834880471229553,0.0
observed,45,8,lift_red_block_table,lift_red_block_table,0,2.050025701522827,1.6108310222625732,1.2680021524429321,2.050025701522827,6.5840911865234375,3.605036973953247,5,1,0.0,0.0,3.605036973953247,2.3710122108459473,0.0
observed,46,8,place_in_slider,place_in_slider,0,0.7851284146308899,0.6507803201675415,0.4392169117927551,0.7851284146308899,3.675673007965088,2.5987231731414795,1,0,0.0,0.0,2.5987231731414795,1.4963113069534302,0.0
observed,47,8,lift_blue_block_slider,lift_blue_block_slider,0,1.7903844118118286,1.5630539655685425,0.8731200098991394,1.7903844118118286,5.402775764465332,2.869847059249878,2,1,0.0,0.0,2.869847059249878,2.6877753734588623,0.0
observed,48,8,place_in_slider,place_in_slider,0,1.2003493309020996,1.0752813816070557,0.5334871411323547,1.2003493309020996,8.322023391723633,6.720269680023193,6,1,0.0,0.0,6.720269680023193,1.7841087579727173,0.0
observed,49,8,push_pink_block_right,push_pink_block_right,0,0.8204418420791626,0.5992296934127808,0.5604003071784973,0.8204418420791626,3.4138076305389404,2.7032551765441895,2,1,0.0,0.0,2.7032551765441895,1.1881768703460693,0.0
observed,50,8,lift_blue_block_slider,lift_blue_block_slider,0,1.9118332862854004,1.0739998817443848,1.58165442943573,1.9118332862854004,7.0454583168029785,5.7419610023498535,5,1,0.0,0.0,5.7419610023498535,2.064512252807617,0.0
observed,51,8,turn_off_lightbulb,turn_off_lightbulb,0,1.255293846130371,1.0558977127075195,0.6788539290428162,1.255293846130371,5.419229507446289,3.561065196990967,2,1,0.0,0.0,3.561065196990967,2.2484967708587646,0.0
observed,52,8,place_in_slider,place_in_slider,0,0.5599721670150757,0.40201011300086975,0.38981619477272034,0.5599721670150757,5.363205432891846,4.351733207702637,6,1,0.0,0.0,4.351733207702637,1.0764524936676025,0.0
observed,53,8,lift_red_block_table,lift_red_block_table,0,0.680362343788147,0.5318185687065125,0.42433708906173706,0.680362343788147,3.908032178878784,2.4074134826660156,1,0,0.0,0.0,2.4074134826660156,1.3817481994628906,0.0
observed,54,8,place_in_slider,place_in_slider,0,0.5692803263664246,0.38850441575050354,0.41610628366470337,0.5692803263664246,6.439827919006348,5.136818885803223,6,1,0.0,0.0,5.136818885803223,1.364018201828003,0.0
observed,55,8,lift_blue_block_slider,lift_blue_block_slider,0,0.7825913429260254,0.559144914150238,0.5475455522537231,0.7825913429260254,5.541306495666504,4.213492393493652,5,1,0.0,0.0,4.213492393493652,1.0695892572402954,0.0
observed,56,8,lift_red_block_table,lift_red_block_table,0,1.5028513669967651,1.2135556936264038,0.8864787817001343,1.5028513669967651,6.808929443359375,4.380833148956299,3,1,0.0,0.0,4.380833148956299,2.6387603282928467,0.0
observed,57,8,place_in_slider,place_in_slider,0,0.4437630772590637,0.30243173241615295,0.32474714517593384,0.4437630772590637,7.585005760192871,6.425023078918457,6,1,0.0,0.0,6.425023078918457,1.1184437274932861,0.0
observed,58,8,lift_blue_block_slider,lift_blue_block_slider,0,0.5392879843711853,0.29899054765701294,0.4488163888454437,0.5392879843711853,4.086443901062012,2.8036346435546875,1,0,0.0,0.0,2.8036346435546875,1.22221839427948,0.0
observed,59,8,turn_off_lightbulb,turn_off_lightbulb,0,0.9774445295333862,0.7901065349578857,0.5754384994506836,0.9774445295333862,5.518034934997559,4.3637261390686035,6,1,0.0,0.0,4.3637261390686035,1.3581750392913818,0.0
observed,60,8,push_pink_block_right,push_pink_block_right,0,1.7936853170394897,1.601805329322815,0.807172417640686,1.7936853170394897,6.950508117675781,4.721013069152832,6,1,0.0,0.0,4.721013069152832,2.9643290042877197,0.0
observed,61,8,turn_on_lightbulb,turn_on_lightbulb,0,0.19729843735694885,0.152550607919693,0.1251199096441269,0.19729843735694885,3.6674461364746094,2.86916446685791,4,1,0.0,0.0,2.86916446685791,0.5131205916404724,0.0
observed,62,8,place_in_slider,place_in_slider,0,0.6946962475776672,0.48498377203941345,0.4973868131637573,0.6946962475776672,4.956724643707275,3.131751537322998,2,1,0.0,0.0,3.131751537322998,1.4553602933883667,0.0
observed,63,8,turn_on_lightbulb,turn_on_lightbulb,0,0.5151747465133667,0.4579879939556122,0.235906720161438,0.5151747465133667,2.944453477859497,2.2864913940429688,2,1,0.0,0.0,2.2864913940429688,0.9237377643585205,0.0
observed,64,8,lift_red_block_table,lift_red_block_table,0,1.0025529861450195,0.8159315586090088,0.5825530886650085,1.0025529861450195,5.369742393493652,3.5775699615478516,3,1,0.0,0.0,3.5775699615478516,1.3490142822265625,0.0
observed,65,8,place_in_slider,place_in_slider,0,0.6842877268791199,0.5234619379043579,0.44072362780570984,0.6842877268791199,7.088372707366943,6.114310264587402,6,1,0.0,0.0,6.114310264587402,1.6181294918060303,0.0
observed,66,8,lift_blue_block_slider,lift_blue_block_slider,0,0.3613928556442261,0.33214452862739563,0.1424247771501541,0.3613928556442261,4.29495906829834,2.946464776992798,5,1,0.0,0.0,2.946464776992798,0.3603054881095886,0.0
observed,67,8,turn_on_lightbulb,turn_on_lightbulb,0,0.8557444214820862,0.5192360281944275,0.6802150011062622,0.8557444214820862,5.718518257141113,3.9765915870666504,4,1,0.0,0.0,3.9765915870666504,1.2259247303009033,0.0
observed,68,8,place_in_slider,place_in_slider,0,0.7601725459098816,0.6354528665542603,0.4172073304653168,0.7601725459098816,4.3917765617370605,2.8444344997406006,5,1,0.0,0.0,2.8444344997406006,1.1074066162109375,0.0
observed,69,14,place_in_slider,place_in_slider,0,0.22209589183330536,0.16101764142513275,0.15297026932239532,0.22209589183330536,7.338332176208496,6.245210647583008,6,1,0.0,0.0,6.245210647583008,0.7188464999198914,0.0
observed,70,14,turn_off_lightbulb,turn_off_lightbulb,0,1.7109397649765015,1.2719615697860718,1.1443026065826416,1.7109397649765015,7.028725624084473,4.519509792327881,3,1,0.0,0.0,4.519509792327881,1.9357200860977173,0.0
observed,71,14,turn_on_lightbulb,turn_on_lightbulb,0,0.4883498549461365,0.3735139071941376,0.3145996630191803,0.4883498549461365,5.1235761642456055,3.733100414276123,4,1,0.0,0.0,3.733100414276123,0.6034365296363831,0.0
observed,72,14,place_in_slider,place_in_slider,0,0.5036580562591553,0.356778085231781,0.3555009067058563,0.5036580562591553,8.314455032348633,6.659937381744385,6,1,0.0,0.0,6.659937381744385,0.9238830804824829,0.0
observed,73,14,lift_red_block_table,lift_red_block_table,0,0.36488065123558044,0.31182533502578735,0.1894804686307907,0.36488065123558044,4.046511650085449,2.9990622997283936,4,1,0.0,0.0,2.9990622997283936,0.9006549715995789,0.0
observed,74,14,place_in_slider,place_in_slider,0,0.7300350069999695,0.60918128490448,0.4023049771785736,0.7300350069999695,3.7337214946746826,2.84663724899292,2,1,0.0,0.0,2.84663724899292,1.7238373756408691,0.0
observed,75,14,turn_on_lightbulb,turn_on_lightbulb,0,0.3689035475254059,0.30871468782424927,0.20195317268371582,0.3689035475254059,3.260097026824951,2.3776865005493164,2,1,0.0,0.0,2.3776865005493164,1.1830313205718994,0.0
observed,76,14,place_in_slider,place_in_slider,0,0.33398839831352234,0.2774481177330017,0.1859321892261505,0.33398839831352234,7.666363716125488,6.4491868019104,6,1,0.0,0.0,6.4491868019104,0.7242926359176636,0.0
observed,77,14,turn_off_lightbulb,turn_off_lightbulb,0,2.0362038612365723,1.7109360694885254,1.1040035486221313,2.0362038612365723,7.121671199798584,4.448428630828857,3,1,0.0,0.0,4.448428630828857,3.0018413066864014,0.0
observed,78,14,place_in_slider,place_in_slider,0,0.6548556089401245,0.4101155698299408,0.5105302333831787,0.6548556089401245,6.787293434143066,5.864510536193848,6,1,0.0,0.0,5.864510536193848,1.2410197257995605,0.0
observed,79,14,push_pink_block_right,push_pink_block_right,0,0.6617100238800049,0.5497728586196899,0.3682525157928467,0.6617100238800049,5.836548805236816,4.039735794067383,6,1,0.0,0.0,4.039735794067383,0.9889474511146545,0.0
observed,80,14,place_in_slider,place_in_slider,0,0.6799402832984924,0.552716076374054,0.39600974321365356,0.6799402832984924,4.5793585777282715,3.284109115600586,3,1,0.0,0.0,3.284109115600586,1.189375638961792,0.0
observed,81,14,turn_off_lightbulb,turn_off_lightbulb,0,0.34323394298553467,0.2471858561038971,0.23813588917255402,0.34323394298553467,4.386967182159424,3.538247585296631,5,1,0.0,0.0,3.538247585296631,0.8305463790893555,0.0
observed,82,14,lift_red_block_table,lift_red_block_table,0,1.3062779903411865,1.0636403560638428,0.7583081722259521,1.3062779903411865,4.544235706329346,3.215726137161255,2,1,0.0,0.0,3.215726137161255,1.33139169216156,0.0
observed,83,14,turn_on_lightbulb,turn_on_lightbulb,0,1.0283652544021606,0.811225175857544,0.6320197582244873,1.0283652544021606,6.211001396179199,3.926562547683716,5,1,0.0,0.0,3.926562547683716,1.9610135555267334,0.0
observed,84,14,lift_blue_block_slider,lift_blue_block_slider,0,0.7843807935714722,0.6149704456329346,0.4868926703929901,0.7843807935714722,4.7167558670043945,3.5054874420166016,2,1,0.0,0.0,3.5054874420166016,2.3476719856262207,0.0
observed,85,14,place_in_slider,place_in_slider,0,0.5582389235496521,0.48910579085350037,0.269084095954895,0.5582389235496521,3.968532085418701,2.819105386734009,5,1,0.0,0.0,2.819105386734009,0.9891428351402283,0.0
observed,86,14,lift_blue_block_slider,lift_blue_block_slider,0,1.7159563302993774,1.292746663093567,1.1284114122390747,1.7159563302993774,6.2414140701293945,4.664599895477295,4,1,0.0,0.0,4.664599895477295,2.540907382965088,0.0
observed,87,14,lift_red_block_table,lift_red_block_table,0,0.8106547594070435,0.4973907470703125,0.6401277184486389,0.8106547594070435,4.559939384460449,2.8610894680023193,2,1,0.0,0.0,2.8610894680023193,0.9105545878410339,0.0
observed,88,14,turn_off_lightbulb,turn_off_lightbulb,0,0.4733470380306244,0.3822803199291229,0.27914008498191833,0.4733470380306244,3.894758701324463,2.524533748626709,3,1,0.0,0.0,2.524533748626709,1.114224910736084,0.0
observed,89,14,lift_red_block_table,lift_red_block_table,0,0.9184495210647583,0.6791737079620361,0.618281900882721,0.9184495210647583,5.867868423461914,4.28778600692749,5,1,0.0,0.0,4.28778600692749,1.2821093797683716,0.0
observed,90,14,turn_on_lightbulb,turn_on_lightbulb,0,0.11152201890945435,0.07957262545824051,0.07813679426908493,0.11152201890945435,2.8154287338256836,2.355245351791382,2,1,0.0,0.0,2.355245351791382,0.29216834902763367,0.0
observed,91,14,place_in_slider,place_in_slider,0,0.3710109293460846,0.21675312519073486,0.3011099398136139,0.3710109293460846,8.12667465209961,6.486678123474121,6,1,0.0,0.0,6.486678123474121,1.1127945184707642,0.0
observed,92,14,push_pink_block_right,push_pink_block_right,0,1.2662607431411743,1.0525826215744019,0.7039077877998352,1.2662607431411743,5.997451305389404,3.6667399406433105,6,1,0.0,0.0,3.6667399406433105,1.7027555704116821,0.0
observed,93,14,turn_on_lightbulb,turn_on_lightbulb,0,0.5646368861198425,0.4329373240470886,0.36246392130851746,0.5646368861198425,3.3734259605407715,2.6198647022247314,3,1,0.0,0.0,2.6198647022247314,0.7302693128585815,0.0
observed,94,14,lift_red_block_table,lift_red_block_table,0,0.5706534385681152,0.45824599266052246,0.3400823175907135,0.5706534385681152,5.003233909606934,3.4580070972442627,4,1,0.0,0.0,3.4580070972442627,0.8237188458442688,0.0
observed,95,14,place_in_slider,place_in_slider,0,0.32024598121643066,0.26301220059394836,0.18270759284496307,0.32024598121643066,3.8557651042938232,2.596121072769165,2,1,0.0,0.0,2.596121072769165,0.553135871887207,0.0
observed,96,14,turn_off_lightbulb,turn_off_lightbulb,0,0.5558193922042847,0.450676292181015,0.32530921697616577,0.5558193922042847,4.790989875793457,3.6193771362304688,2,1,0.0,0.0,3.6193771362304688,1.5166157484054565,0.0
observed,97,14,lift_red_block_table,lift_red_block_table,0,0.3393166959285736,0.2658608853816986,0.21084071695804596,0.3393166959285736,4.137847423553467,2.898439407348633,6,1,0.0,0.0,2.898439407348633,0.467235267162323,0.0
observed,98,14,place_in_slider,place_in_slider,0,0.7473784685134888,0.6081389784812927,0.4344438910484314,0.7473784685134888,3.4737319946289062,2.469259738922119,3,1,0.0,0.0,2.469259738922119,1.4453977346420288,0.0
observed,99,14,lift_blue_block_slider,lift_blue_block_slider,0,0.7072767019271851,0.5339661240577698,0.46381083130836487,0.7072767019271851,5.191400527954102,3.4239449501037598,6,1,0.0,0.0,3.4239449501037598,0.739948570728302,0.0
observed,100,14,lift_red_block_table,lift_red_block_table,0,0.6907126903533936,0.5519102811813354,0.4153060019016266,0.6907126903533936,3.4944186210632324,2.616548538208008,1,0,0.0,0.0,2.616548538208008,0.8481239676475525,0.0
observed,101,24,lift_red_block_table,lift_red_block_table,0,0.2625935673713684,0.21554258465766907,0.1499892622232437,0.2625935673713684,4.022956371307373,2.866765022277832,4,1,0.0,0.0,2.866765022277832,0.3943387269973755,0.0
observed,102,24,place_in_slider,place_in_slider,0,0.42375147342681885,0.2927166223526001,0.30640214681625366,0.42375147342681885,8.009683609008789,6.0488972663879395,6,1,0.0,0.0,6.0488972663879395,1.137044906616211,0.0
observed,103,24,turn_off_lightbulb,turn_off_lightbulb,0,1.122969388961792,1.0116221904754639,0.48752519488334656,1.122969388961792,5.802889823913574,3.698885440826416,3,1,0.0,0.0,3.698885440826416,1.1252808570861816,0.0
observed,104,24,lift_red_block_table,lift_red_block_table,0,1.4975332021713257,1.3910282850265503,0.5546587109565735,1.4975332021713257,5.436095237731934,3.471359968185425,1,0,0.0,0.0,3.471359968185425,1.6755874156951904,0.0
observed,105,24,turn_on_lightbulb,turn_on_lightbulb,0,1.7592082023620605,1.2674133777618408,1.220031499862671,1.7592082023620605,6.825935363769531,4.7453999519348145,4,1,0.0,0.0,4.7453999519348145,2.0361642837524414,0.0
observed,106,24,lift_blue_block_slider,lift_blue_block_slider,0,0.6193568706512451,0.35073259472846985,0.510479748249054,0.6193568706512451,5.792832374572754,4.533516883850098,4,1,0.0,0.0,4.533516883850098,0.7603275179862976,0.0
observed,107,24,place_in_slider,place_in_slider,0,1.1527814865112305,1.0726573467254639,0.4222695231437683,1.1527814865112305,5.239838600158691,3.318840742111206,5,1,0.0,0.0,3.318840742111206,1.5504080057144165,0.0
observed,108,24,push_pink_block_right,push_pink_block_right,0,2.768036127090454,2.518259286880493,1.1490838527679443,2.768036127090454,6.020946025848389,3.6995849609375,3,1,0.0,0.0,3.6995849609375,2.5614466667175293,0.0
observed,109,24,turn_on_lightbulb,turn_on_lightbulb,0,0.4675551652908325,0.3905048966407776,0.25712594389915466,0.4675551652908325,5.125268936157227,3.5691723823547363,6,1,0.0,0.0,3.5691723823547363,0.6842492818832397,0.0
observed,110,24,turn_off_lightbulb,turn_off_lightbulb,0,0.41802340745925903,0.3410612642765045,0.24170389771461487,0.41802340745925903,4.654702663421631,3.7562057971954346,5,1,0.0,0.0,3.7562057971954346,1.0495892763137817,0.0
observed,111,24,turn_on_lightbulb,turn_on_lightbulb,0,0.6696658730506897,0.46847274899482727,0.47852450609207153,0.6696658730506897,5.292365074157715,3.852235794067383,6,1,0.0,0.0,3.852235794067383,1.3077231645584106,0.0
observed,112,24,turn_off_lightbulb,turn_off_lightbulb,0,2.082653760910034,1.9161150455474854,0.8160571455955505,2.082653760910034,7.655782222747803,4.751641273498535,3,1,0.0,0.0,4.751641273498535,1.8819990158081055,0.0
observed,113,24,push_pink_block_right,push_pink_block_right,0,1.6028813123703003,1.2481648921966553,1.0056407451629639,1.6028813123703003,8.749557495117188,5.813282012939453,6,1,0.0,0.0,5.813282012939453,3.676027297973633,0.0
observed,114,24,turn_on_lightbulb,turn_on_lightbulb,0,1.3756771087646484,0.9415324926376343,1.002997636795044,1.3756771087646484,6.5625176429748535,3.969907760620117,2,1,0.0,0.0,3.969907760620117,2.1750307083129883,0.0
observed,115,24,lift_red_block_table,lift_red_block_table,0,0.946704089641571,0.8096272349357605,0.4906652271747589,0.946704089641571,5.6990485191345215,3.9308154582977295,3,1,0.0,0.0,3.9308154582977295,1.3043169975280762,0.0
observed,116,24,place_in_slider,place_in_slider,0,0.7120906114578247,0.4645901620388031,0.5396563410758972,0.7120906114578247,7.493298530578613,5.434183597564697,6,1,0.0,0.0,5.434183597564697,1.196264386177063,0.0
observed,117,24,turn_off_lightbulb,turn_off_lightbulb,0,0.8202129006385803,0.7328156232833862,0.36841604113578796,0.8202129006385803,4.497951984405518,3.5078392028808594,4,1,0.0,0.0,3.5078392028808594,1.635999083518982,0.0
observed,118,24,turn_on_lightbulb,turn_on_lightbulb,0,0.2342556118965149,0.18797063827514648,0.13979531824588776,0.2342556118965149,4.432672023773193,3.6023736000061035,5,1,0.0,0.0,3.6023736000061035,0.7021548748016357,0.0
observed,119,24,push_pink_block_right,push_pink_block_right,0,1.1867142915725708,1.0266551971435547,0.5952057838439941,1.1867142915725708,5.671646595001221,3.982978105545044,6,1,0.0,0.0,3.982978105545044,1.1857671737670898,0.0
observed,120,24,lift_red_block_table,lift_red_block_table,0,1.224549412727356,1.0308750867843628,0.6609220504760742,1.224549412727356,6.447756290435791,3.9542527198791504,4,1,0.0,0.0,3.9542527198791504,1.1816805601119995,0.0
observed,121,24,place_in_slider,place_in_slider,0,0.6133252382278442,0.5762100219726562,0.2101186066865921,0.6133252382278442,8.173297882080078,6.54959774017334,6,1,0.0,0.0,6.54959774017334,1.09366774559021,0.0
observed,122,24,turn_on_lightbulb,turn_on_lightbulb,0,2.196551561355591,1.9527113437652588,1.0058614015579224,2.196551561355591,5.935525417327881,3.7989490032196045,1,0,0.0,0.0,3.7989490032196045,1.4803502559661865,0.0
observed,123,24,push_pink_block_right,push_pink_block_right,0,2.367292642593384,2.105156421661377,1.0827701091766357,2.367292642593384,9.492734909057617,4.653908729553223,4,1,0.0,0.0,4.653908729553223,1.8078041076660156,0.0
observed,124,24,place_in_slider,place_in_slider,0,0.6500152945518494,0.5132381916046143,0.3988814651966095,0.6500152945518494,4.472939968109131,3.093331813812256,2,1,0.0,0.0,3.093331813812256,1.248329997062683,0.0
observed,125,24,lift_blue_block_slider,lift_blue_block_slider,0,2.2851057052612305,1.9100741147994995,1.2543226480484009,2.2851057052612305,7.258196830749512,5.054048538208008,4,1,0.0,0.0,5.054048538208008,3.394237995147705,0.0
observed,126,24,place_in_slider,place_in_slider,0,1.1255193948745728,0.9024352431297302,0.672610342502594,1.1255193948745728,5.267475128173828,3.6950900554656982,4,1,0.0,0.0,3.6950900554656982,1.4526984691619873,0.0
observed,127,24,turn_off_lightbulb,turn_off_lightbulb,0,1.7728368043899536,1.2866132259368896,1.2196626663208008,1.7728368043899536,8.021340370178223,5.361477851867676,6,1,0.0,0.0,5.361477851867676,3.3295304775238037,0.0
observed,128,24,place_in_slider,place_in_slider,0,0.9610583186149597,0.8733403086662292,0.40113571286201477,0.9610583186149597,4.339313507080078,3.1697566509246826,4,1,0.0,0.0,3.1697566509246826,1.0036789178848267,0.0
observed,129,24,lift_blue_block_slider,lift_blue_block_slider,0,0.8325157165527344,0.5950290560722351,0.5822567343711853,0.8325157165527344,5.507513999938965,3.6521706581115723,5,1,0.0,0.0,3.6521706581115723,0.8911656141281128,0.0
observed,130,24,turn_on_lightbulb,turn_on_lightbulb,0,0.6337693333625793,0.4905950427055359,0.40122315287590027,0.6337693333625793,5.320448875427246,3.334307909011841,5,1,0.0,0.0,3.334307909011841,0.6245349645614624,0.0
observed,131,24,lift_red_block_table,lift_red_block_table,0,0.7252109050750732,0.5795075297355652,0.43600672483444214,0.7252109050750732,3.6641974449157715,3.014660358428955,1,0,0.0,0.0,3.014660358428955,1.0502419471740723,0.0
observed,132,24,turn_off_lightbulb,turn_off_lightbulb,0,0.538787841796875,0.31186559796333313,0.43935427069664,0.538787841796875,3.8041388988494873,2.926323413848877,1,0,0.0,0.0,2.926323413848877,1.1143488883972168,0.0
observed,133,26,turn_on_lightbulb,turn_on_lightbulb,0,2.099229097366333,1.769545555114746,1.1293678283691406,2.099229097366333,6.117924213409424,3.89032244682312,3,1,0.0,0.0,3.89032244682312,2.614962339401245,0.0
observed,134,26,place_in_slider,place_in_slider,0,0.7387595176696777,0.5461140871047974,0.49751895666122437,0.7387595176696777,3.8972549438476562,2.6445658206939697,3,1,0.0,0.0,2.6445658206939697,1.2326598167419434,0.0
observed,135,26,lift_red_block_table,lift_red_block_table,0,1.764406442642212,1.604853868484497,0.7331944108009338,1.764406442642212,6.490538120269775,3.3055129051208496,1,0,0.0,0.0,3.3055129051208496,2.6340041160583496,0.0
observed,136,26,lift_blue_block_slider,lift_blue_block_slider,0,1.4027549028396606,1.1791934967041016,0.759752631187439,1.4027549028396606,6.643811225891113,4.930432319641113,5,1,0.0,0.0,4.930432319641113,2.4354240894317627,0.0
observed,137,26,turn_on_lightbulb,turn_on_lightbulb,0,0.7860408425331116,0.5953425765037537,0.5132518410682678,0.7860408425331116,4.348634243011475,2.8966171741485596,2,1,0.0,0.0,2.8966171741485596,1.9948363304138184,0.0
observed,138,26,place_in_slider,place_in_slider,0,0.3063901364803314,0.23849965631961823,0.19233520328998566,0.3063901364803314,3.68249773979187,2.744901180267334,2,1,0.0,0.0,2.744901180267334,0.587848961353302,0.0
observed,139,26,turn_off_lightbulb,turn_off_lightbulb,0,2.8363029956817627,2.1912841796875,1.8008023500442505,2.8363029956817627,6.536705017089844,4.977980613708496,5,1,0.0,0.0,4.977980613708496,2.4161031246185303,0.0
observed,140,26,lift_blue_block_slider,lift_blue_block_slider,0,1.8477166891098022,1.636480450630188,0.8578976988792419,1.8477166891098022,7.5436859130859375,4.164198875427246,3,1,0.0,0.0,4.164198875427246,2.6445648670196533,0.0
observed,141,26,turn_on_lightbulb,turn_on_lightbulb,0,2.7525711059570312,2.655820369720459,0.7233709692955017,2.7525711059570312,6.643922328948975,3.921952724456787,1,0,0.0,0.0,3.921952724456787,1.7454439401626587,0.0
observed,142,26,lift_blue_block_slider,lift_blue_block_slider,0,2.9975147247314453,2.5107247829437256,1.6374844312667847,2.9975147247314453,7.110013484954834,4.428679466247559,1,0,0.0,0.0,4.428679466247559,3.6951074600219727,0.0
observed,143,26,push_pink_block_right,push_pink_block_right,0,0.47289949655532837,0.3518855571746826,0.31592801213264465,0.47289949655532837,5.613234043121338,3.895014524459839,6,1,0.0,0.0,3.895014524459839,1.1263819932937622,0.0
observed,144,26,place_in_slider,place_in_slider,0,0.627225399017334,0.525413990020752,0.34256649017333984,0.627225399017334,5.316792011260986,3.9940574169158936,6,1,0.0,0.0,3.9940574169158936,1.0572847127914429,0.0
observed,145,26,turn_off_lightbulb,turn_off_lightbulb,0,1.1088478565216064,0.9249526858329773,0.6115605235099792,1.1088478565216064,5.6085615158081055,3.908808946609497,3,1,0.0,0.0,3.908808946609497,1.367560625076294,0.0
observed,146,26,lift_blue_block_slider,lift_blue_block_slider,0,0.9515965580940247,0.7377067804336548,0.6011029481887817,0.9515965580940247,5.5742034912109375,3.112704277038574,2,1,0.0,0.0,3.112704277038574,1.6606700420379639,0.0
observed,147,26,turn_on_lightbulb,turn_on_lightbulb,0,0.7363911271095276,0.5004259347915649,0.5402274131774902,0.7363911271095276,4.7382965087890625,3.1925344467163086,3,1,0.0,0.0,3.1925344467163086,1.1775667667388916,0.0
observed,148,26,place_in_slider,place_in_slider,0,0.48544129729270935,0.3838961720466614,0.29711446166038513,0.48544129729270935,3.769855499267578,2.6824936866760254,5,1,0.0,0.0,2.6824936866760254,0.9353832006454468,0.0
observed,149,26,turn_off_lightbulb,turn_off_lightbulb,0,1.6141663789749146,1.289659857749939,0.9707268476486206,1.6141663789749146,6.7572479248046875,5.001631736755371,5,1,0.0,0.0,5.001631736755371,2.112041711807251,0.0
observed,150,30,place_in_slider,place_in_slider,0,0.30914032459259033,0.23542724549770355,0.20035411417484283,0.30914032459259033,7.9878740310668945,6.50742244720459,6,1,0.0,0.0,6.50742244720459,0.7692237496376038,0.0
observed,151,30,push_pink_block_right,push_pink_block_right,0,0.7653687596321106,0.5919919610023499,0.4851132929325104,0.7653687596321106,5.497952461242676,3.618756055831909,5,1,0.0,0.0,3.618756055831909,1.2114185094833374,0.0
observed,152,30,place_in_slider,place_in_slider,0,0.5052170157432556,0.43015217781066895,0.26497796177864075,0.5052170157432556,7.452159881591797,6.201813220977783,6,1,0.0,0.0,6.201813220977783,0.8682900667190552,0.0
observed,153,30,lift_blue_block_slider,lift_blue_block_slider,0,0.961479663848877,0.8186076879501343,0.5043061375617981,0.961479663848877,5.429236888885498,3.7822182178497314,5,1,0.0,0.0,3.7822182178497314,1.1933391094207764,0.0
observed,154,30,lift_red_block_table,lift_red_block_table,0,0.5149364471435547,0.4434075951576233,0.26181909441947937,0.5149364471435547,4.056159019470215,2.7586669921875,1,0,0.0,0.0,2.7586669921875,1.2570652961730957,0.0
observed,155,30,place_in_slider,place_in_slider,0,0.45356518030166626,0.2909828722476959,0.3479229211807251,0.45356518030166626,7.928703308105469,6.640811920166016,6,1,0.0,0.0,6.640811920166016,1.0067700147628784,0.0
observed,156,30,push_pink_block_right,push_pink_block_right,0,1.9236820936203003,1.1654846668243408,1.5304242372512817,1.9236820936203003,7.640832424163818,5.281899929046631,1,0,0.0,0.0,5.281899929046631,2.3299646377563477,0.0
observed,157,30,turn_on_lightbulb,turn_on_lightbulb,0,0.43399396538734436,0.30680838227272034,0.30695176124572754,0.43399396538734436,6.361536979675293,4.090115547180176,6,1,0.0,0.0,4.090115547180176,0.6560031175613403,0.0
observed,158,30,turn_off_lightbulb,turn_off_lightbulb,0,0.38696882128715515,0.28053510189056396,0.26654255390167236,0.38696882128715515,4.740862846374512,2.9733736515045166,3,1,0.0,0.0,2.9733736515045166,1.2759093046188354,0.0
observed,159,30,lift_blue_block_slider,lift_blue_block_slider,0,1.3762112855911255,1.164733648300171,0.7330435514450073,1.3762112855911255,6.308143615722656,4.2468180656433105,5,1,0.0,0.0,4.2468180656433105,1.196352481842041,0.0
observed,160,30,turn_off_lightbulb,turn_off_lightbulb,0,0.6740760207176208,0.476783812046051,0.4765035808086395,0.6740760207176208,5.10245943069458,3.382760524749756,4,1,0.0,0.0,3.382760524749756,1.6873191595077515,0.0
observed,161,30,lift_blue_block_slider,lift_blue_block_slider,0,1.95889151096344,1.397336483001709,1.372846245765686,1.95889151096344,7.656584739685059,5.290942192077637,3,1,0.0,0.0,5.290942192077637,2.277189254760742,0.0
observed,162,30,turn_on_lightbulb,turn_on_lightbulb,0,0.2884303033351898,0.22769176959991455,0.17705506086349487,0.2884303033351898,2.874603748321533,2.0142552852630615,2,1,0.0,0.0,2.0142552852630615,0.6841627955436707,0.0
observed,163,30,turn_off_lightbulb,turn_off_lightbulb,0,0.30500707030296326,0.1894010603427887,0.23907437920570374,0.30500707030296326,2.903024196624756,2.3601815700531006,2,1,0.0,0.0,2.3601815700531006,0.6840930581092834,0.0
observed,0,0,lift_red_block_table,lift_red_block_table,1,1.6848249435424805,1.3408734798431396,1.0201438665390015,0.4856831431388855,2.748342514038086,2.0574941635131836,1,0,0.033515121787786484,0.3934909701347351,2.0574941635131836,0.9602139592170715,0.25648465752601624
observed,1,0,place_in_slider,place_in_slider,1,1.9180110692977905,1.7547340393066406,0.7743868231773376,0.4913139343261719,3.5484225749969482,1.8778870105743408,2,1,0.014244593679904938,0.23259668052196503,1.8778870105743408,1.0745904445648193,0.22320422530174255
observed,2,0,turn_on_lightbulb,turn_on_lightbulb,1,2.848489761352539,2.599501848220825,1.164681315422058,0.966701090335846,3.8827743530273438,2.3734402656555176,2,1,0.03349959850311279,0.4509064257144928,2.3734402656555176,1.4286257028579712,0.3584230840206146
observed,3,0,turn_off_lightbulb,turn_off_lightbulb,1,2.580319404602051,2.336024284362793,1.095919132232666,0.6985248923301697,3.965716600418091,2.450707197189331,2,1,0.02065146528184414,0.27563419938087463,2.450707197189331,1.2179181575775146,0.2440659999847412
observed,4,0,push_pink_block_right,push_pink_block_right,1,1.6181435585021973,1.393452763557434,0.8226044178009033,0.524825394153595,5.634613990783691,3.838289260864258,6,1,0.07341793179512024,0.8542377948760986,3.838289260864258,2.048685073852539,0.2988329827785492
observed,5,0,lift_blue_block_slider,lift_blue_block_slider,1,2.121731758117676,1.6346780061721802,1.3526173830032349,0.6712813973426819,4.565882682800293,2.8111376762390137,5,1,0.03173447772860527,0.9979857206344604,2.8111376762390137,1.3672382831573486,0.21215318143367767
observed,6,0,place_in_slider,place_in_slider,1,1.705312967300415,1.6517149209976196,0.4241822361946106,0.5425876379013062,3.0299763679504395,1.6553281545639038,1,0,0.04644289240241051,0.6468318700790405,1.6553281545639038,1.0390748977661133,0.276244193315506
observed,7,0,lift_red_block_table,lift_red_block_table,1,2.1943912506103516,1.6958526372909546,1.392636775970459,0.3301897346973419,3.788217067718506,3.076810121536255,1,0,0.02222566120326519,0.4199342727661133,3.076810121536255,1.743923306465149,0.32884177565574646
observed,8,0,lift_blue_block_slider,lift_blue_block_slider,1,1.7787824869155884,1.3912519216537476,1.1083705425262451,1.1866850852966309,4.799095153808594,3.1253209114074707,4,1,0.05526590719819069,0.9261271357536316,3.1253209114074707,0.9635657072067261,0.2133786827325821
observed,9,0,turn_on_lightbulb,turn_on_lightbulb,1,1.7181750535964966,1.6450473070144653,0.4959280490875244,0.670585572719574,3.6637070178985596,2.3197131156921387,1,0,0.028050070628523827,0.3802485466003418,2.3197131156921387,1.430782437324524,0.35510754585266113
observed,10,0,turn_off_lightbulb,turn_off_lightbulb,1,1.1957472562789917,0.6332568526268005,1.014296531677246,0.4799407124519348,3.413684844970703,2.4484634399414062,2,1,0.020563174039125443,0.33900558948516846,2.4484634399414062,1.2704484462738037,0.3615853190422058
observed,11,0,lift_red_block_table,lift_red_block_table,1,2.219757080078125,1.9714419841766357,1.0201658010482788,0.6921442151069641,4.311013698577881,2.6751301288604736,2,1,0.05694551393389702,0.6277366876602173,2.6751301288604736,0.6125669479370117,0.20843520760536194
observed,12,0,lift_blue_block_slider,lift_blue_block_slider,1,2.929779291152954,2.493816614151001,1.53768789768219,1.3764727115631104,5.189509391784668,3.2728538513183594,1,0,0.0820075124502182,1.7151718139648438,3.2728538513183594,2.864534616470337,0.5801559686660767
observed,13,0,turn_off_lightbulb,turn_off_lightbulb,1,1.7351793050765991,1.2672536373138428,1.1852911710739136,0.7076029777526855,3.76277494430542,2.6035923957824707,1,0,0.026370039209723473,0.5108649730682373,2.6035923957824707,1.1274572610855103,0.34024080634117126
observed,14,0,lift_blue_block_slider,lift_blue_block_slider,1,0.7432355284690857,0.6044168472290039,0.43252673745155334,0.6549784541130066,3.628416061401367,2.4758970737457275,1,0,0.03911062702536583,0.619396984577179,2.4758970737457275,1.0319297313690186,0.1952763944864273
observed,15,0,turn_on_lightbulb,turn_on_lightbulb,1,2.0922505855560303,1.297812819480896,1.641095519065857,1.209139108657837,4.465858459472656,2.726032257080078,3,1,0.032078467309474945,1.0812699794769287,2.726032257080078,1.073088526725769,0.2509462535381317
observed,16,0,push_pink_block_right,push_pink_block_right,1,4.196782112121582,3.575533390045166,2.197394371032715,1.0695651769638062,3.9072928428649902,2.484955072402954,1,0,0.052323367446660995,2.442233085632324,2.484955072402954,1.0934497117996216,0.3096303343772888
observed,17,0,turn_off_lightbulb,turn_off_lightbulb,1,1.6522544622421265,1.3160284757614136,0.999006450176239,0.35469764471054077,3.490449905395508,2.124333381652832,2,1,0.05140306428074837,0.6080506443977356,2.124333381652832,1.4282817840576172,0.3067737817764282
observed,18,0,turn_on_lightbulb,turn_on_lightbulb,1,2.7668216228485107,2.628397226333618,0.8641936182975769,0.9742906093597412,4.400063514709473,2.5901026725769043,1,0,0.028631826862692833,0.45752084255218506,2.5901026725769043,0.9568121433258057,0.21472853422164917
observed,19,0,lift_blue_block_slider,lift_blue_block_slider,1,3.6041228771209717,3.419203519821167,1.1396262645721436,1.193766474723816,5.515073776245117,3.692863941192627,3,1,0.07748677581548691,0.9329967498779297,3.692863941192627,1.45828378200531,0.5050323009490967
observed,20,0,turn_off_lightbulb,turn_off_lightbulb,1,3.070608615875244,2.9332199096679688,0.9082173705101013,0.8868017196655273,5.824644088745117,2.8665037155151367,3,1,0.04383936524391174,0.9372225403785706,2.8665037155151367,1.907347559928894,0.23048540949821472
observed,21,0,turn_on_lightbulb,turn_on_lightbulb,1,2.156724452972412,1.9002774953842163,1.0200029611587524,0.9868177771568298,4.145801067352295,2.577509641647339,3,1,0.06343195587396622,2.0335049629211426,2.577509641647339,0.4390376806259155,0.3200957477092743
observed,22,0,turn_off_lightbulb,turn_off_lightbulb,1,1.0545761585235596,0.9164711833000183,0.5217387676239014,0.8341012001037598,3.01436448097229,2.0832998752593994,1,0,0.02208269201219082,0.28448253870010376,2.0832998752593994,1.0517799854278564,0.37370622158050537
observed,23,0,push_pink_block_right,push_pink_block_right,1,1.9578726291656494,1.533677339553833,1.2170041799545288,0.43675318360328674,3.8411145210266113,2.3027596473693848,2,1,0.01767362840473652,0.4186500012874603,2.3027596473693848,1.7253698110580444,0.25692155957221985
observed,24,0,lift_red_block_table,lift_red_block_table,1,1.4159586429595947,1.2919001579284668,0.5795971155166626,0.8174935579299927,4.634763240814209,3.1821951866149902,3,1,0.01411877479404211,0.2251731902360916,3.1821951866149902,1.083878993988037,0.22997823357582092
observed,25,8,lift_red_block_table,lift_red_block_table,1,1.002530574798584,0.8239583373069763,0.5711044073104858,0.352289617061615,3.4127984046936035,2.3370728492736816,4,1,0.030233481898903847,0.32258230447769165,2.3370728492736816,0.9427028894424438,0.16316859424114227
observed,26,8,turn_on_lightbulb,turn_on_lightbulb,1,2.1073789596557617,1.896562933921814,0.9187467694282532,1.4935370683670044,4.164747714996338,2.314225435256958,1,0,0.020281024277210236,0.3634726405143738,2.314225435256958,1.0637574195861816,0.19855965673923492
observed,27,8,turn_off_lightbulb,turn_off_lightbulb,1,1.2055143117904663,0.9647847414016724,0.7228105664253235,0.7028692364692688,3.1282100677490234,2.3169751167297363,1,0,0.02990453876554966,0.5114332437515259,2.3169751167297363,1.3489009141921997,0.34674006700515747
observed,28,8,turn_on_lightbulb,turn_on_lightbulb,1,2.0949549674987793,1.6019833087921143,1.3499947786331177,0.4097815155982971,4.374543190002441,2.921630382537842,5,1,0.033237114548683167,0.47110825777053833,2.921630382537842,0.884350597858429,0.14182287454605103
observed,29,8,turn_off_lightbulb,turn_off_lightbulb,1,3.240929126739502,2.6467597484588623,1.870370626449585,2.220329999923706,6.131016731262207,3.17543888092041,2,1,0.04214475676417351,0.79259192943573,3.17543888092041,2.195594072341919,0.2794334590435028
observed,30,8,place_in_slider,place_in_slider,1,2.879802942276001,2.687828302383423,1.033848762512207,0.9974365234375,4.191048622131348,2.4196856021881104,3,1,0.04532996937632561,0.6018608212471008,2.4196856021881104,1.202816367149353,0.3629835844039917
observed,31,8,turn_on_lightbulb,turn_on_lightbulb,1,2.9281325340270996,2.8498146533966064,0.6726945042610168,0.6435954570770264,4.626233100891113,2.7961714267730713,1,0,0.031196171417832375,0.7166550159454346,2.7961714267730713,1.3739346265792847,0.3277546763420105
observed,32,8,lift_blue_block_slider,lift_blue_block_slider,1,2.22163987159729,2.116727828979492,0.6746456027030945,2.8521785736083984,3.2616477012634277,2.2360026836395264,1,0,0.10339321941137314,2.2265541553497314,2.2360026836395264,1.131089687347412,0.5880260467529297
observed,33,8,place_in_slider,place_in_slider,1,1.3719314336776733,1.0478119850158691,0.8855990171432495,0.5378881096839905,3.2367568016052246,2.197103977203369,1,0,0.02941592037677765,0.3663056194782257,2.197103977203369,1.1092568635940552,0.31334611773490906
observed,34,8,turn_off_lightbulb,turn_off_lightbulb,1,1.4240117073059082,1.0845654010772705,0.922782301902771,0.9200040698051453,4.610975742340088,3.3311190605163574,2,1,0.0210120752453804,0.7212885618209839,3.3311190605163574,0.9863947629928589,0.23065435886383057
observed,35,8,lift_blue_block_slider,lift_blue_block_slider,1,3.4394214153289795,3.3077430725097656,0.9425795078277588,1.7403432130813599,4.640862941741943,2.840460777282715,4,1,0.038982268422842026,2.174227237701416,2.840460777282715,1.457710862159729,0.22716683149337769
observed,36,8,lift_red_block_table,lift_red_block_table,1,4.645901203155518,3.94392728805542,2.455573081970215,1.3497586250305176,4.451434135437012,3.4049148559570312,1,0,0.06604988127946854,1.2672042846679688,3.4049148559570312,1.2593685388565063,0.21873685717582703
observed,37,8,turn_on_lightbulb,turn_on_lightbulb,1,2.866478204727173,2.6979150772094727,0.9684783220291138,0.5355961322784424,4.4521894454956055,2.749833822250366,1,0,0.02297700010240078,0.4693947434425354,2.749833822250366,1.8061610460281372,0.2233736515045166
observed,38,8,turn_off_lightbulb,turn_off_lightbulb,1,1.614158034324646,0.8997637629508972,1.3401236534118652,0.8179685473442078,4.10006046295166,2.6873278617858887,1,0,0.034433819353580475,0.5538775324821472,2.6873278617858887,0.9744153618812561,0.18425562977790833
observed,39,8,lift_red_block_table,lift_red_block_table,1,1.9901862144470215,1.7848681211471558,0.880389928817749,0.2944975197315216,4.460851669311523,2.931436061859131,1,0,0.04302749037742615,0.9466757774353027,2.931436061859131,1.0137922763824463,0.12250620126724243
observed,40,8,lift_blue_block_slider,lift_blue_block_slider,1,4.360939979553223,4.083795547485352,1.529840111732483,0.963161051273346,4.76409387588501,2.406590461730957,4,1,0.033083099871873856,0.45600149035453796,2.406590461730957,1.7115223407745361,0.33394238352775574
observed,41,8,lift_red_block_table,lift_red_block_table,1,2.20422625541687,1.445935606956482,1.6636954545974731,0.6740010380744934,4.410397529602051,3.1110312938690186,1,0,0.008433281444013119,0.47740277647972107,3.1110312938690186,0.7398067712783813,0.1853010058403015
observed,42,8,place_in_slider,place_in_slider,1,1.629632830619812,1.352822184562683,0.9086118340492249,0.33669513463974,3.0639307498931885,2.1713223457336426,1,0,0.016315380111336708,0.3604924976825714,2.1713223457336426,0.8557742238044739,0.11936118453741074
observed,43,8,lift_red_block_table,lift_red_block_table,1,0.7055661678314209,0.30773746967315674,0.6349183320999146,1.8587205410003662,3.407308578491211,2.4843971729278564,2,1,0.050315916538238525,0.998418927192688,2.4843971729278564,0.7152220606803894,0.14557692408561707
observed,44,8,turn_on_lightbulb,turn_on_lightbulb,1,1.78292715549469,1.5221930742263794,0.9283089637756348,1.3117111921310425,4.302657127380371,2.8937833309173584,2,1,0.014626838266849518,0.4389861226081848,2.8937833309173584,0.8593503832817078,0.12169895321130753
observed,45,8,lift_red_block_table,lift_red_block_table,1,2.066359519958496,1.9153870344161987,0.7753287553787231,1.126428484916687,4.904445648193359,2.2815499305725098,1,0,0.03211254999041557,0.7090799808502197,2.2815499305725098,2.460468292236328,0.34521055221557617
observed,46,8,place_in_slider,place_in_slider,1,2.69830322265625,1.812747836112976,1.998695731163025,0.6976907849311829,4.232024192810059,3.264991283416748,1,0,0.061460185796022415,1.6196744441986084,3.264991283416748,1.5789635181427002,0.44998565316200256
observed,47,8,lift_blue_block_slider,lift_blue_block_slider,1,2.3186233043670654,1.8553199768066406,1.3906118869781494,0.5196268558502197,4.100533485412598,2.8132412433624268,1,0,0.037340667098760605,0.8077936172485352,2.8132412433624268,1.7446969747543335,0.3448617458343506
observed,48,8,place_in_slider,place_in_slider,1,2.1181511878967285,1.663575291633606,1.3111376762390137,0.6554679274559021,4.053628921508789,2.707598924636841,2,1,0.048400651663541794,0.9551775455474854,2.707598924636841,2.1163206100463867,0.5916232466697693
observed,49,8,push_pink_block_right,push_pink_block_right,1,3.568746566772461,2.5763375759124756,2.469501495361328,1.1407626867294312,4.571310043334961,3.0258922576904297,4,1,0.02419108711183071,0.7738521099090576,3.0258922576904297,1.2552255392074585,0.14167067408561707
observed,50,8,lift_blue_block_slider,lift_blue_block_slider,1,3.346299409866333,3.096627950668335,1.268311619758606,0.6858744621276855,6.011050224304199,3.6377289295196533,4,1,0.017692506313323975,0.6285179257392883,3.6377289295196533,1.6037379503250122,0.38492467999458313
observed,51,8,turn_off_lightbulb,turn_off_lightbulb,1,1.9469671249389648,1.5173759460449219,1.219939112663269,2.553812265396118,3.877685070037842,2.237678050994873,1,0,0.06926064938306808,1.4813871383666992,2.237678050994873,2.3638908863067627,0.6106382012367249
observed,52,8,place_in_slider,place_in_slider,1,1.135379672050476,0.7574077844619751,0.8458253741264343,0.3822430670261383,2.5285983085632324,1.9918409585952759,1,0,0.011748433113098145,0.2247413694858551,1.9918409585952759,1.2542482614517212,0.2275453805923462
observed,53,8,lift_red_block_table,lift_red_block_table,1,1.1463639736175537,0.5199952125549316,1.0216435194015503,0.5474613308906555,3.2514185905456543,2.049368143081665,1,0,0.01893029175698757,0.2778504192829132,2.049368143081665,1.3529133796691895,0.36126405000686646
observed,54,8,place_in_slider,place_in_slider,1,1.5075780153274536,1.2314530611038208,0.8696637153625488,0.26099997758865356,3.0781962871551514,1.9717648029327393,1,0,0.009885805658996105,0.4105677306652069,1.9717648029327393,1.3015106916427612,0.27965277433395386
observed,55,8,lift_blue_block_slider,lift_blue_block_slider,1,3.023491621017456,2.9089512825012207,0.8243201375007629,0.43957972526550293,4.293818473815918,2.647268772125244,4,1,0.017937244847416878,0.3651794493198395,2.647268772125244,0.9515693783760071,0.2808831036090851
observed,56,8,lift_red_block_table,lift_red_block_table,1,2.7430741786956787,2.540189743041992,1.0353223085403442,1.4915841817855835,4.790928840637207,3.3565757274627686,2,1,0.0540652722120285,0.649878740310669,3.3565757274627686,2.109910249710083,0.17099110782146454
observed,57,8,place_in_slider,place_in_slider,1,1.7045581340789795,1.2608329057693481,1.1470915079116821,0.2763363718986511,3.769827365875244,2.7722327709198,1,0,0.05550062656402588,0.42456501722335815,2.7722327709198,1.5408984422683716,0.24246367812156677
observed,58,8,lift_blue_block_slider,lift_blue_block_slider,1,1.5987825393676758,1.4319400787353516,0.7110933065414429,0.44630882143974304,2.7217538356781006,2.0627245903015137,1,0,0.023525862023234367,0.4077942371368408,2.0627245903015137,1.2873438596725464,0.38922131061553955
observed,59,8,turn_off_lightbulb,turn_off_lightbulb,1,2.602435350418091,2.1655189990997314,1.443328619003296,0.7951404452323914,3.6514499187469482,2.0076918601989746,1,0,0.041657011955976486,0.7588773369789124,2.0076918601989746,1.373854637145996,0.3873162269592285
observed,60,8,push_pink_block_right,push_pink_block_right,1,2.1567230224609375,1.452407717704773,1.594354271888733,0.38620367646217346,4.4129252433776855,3.0619161128997803,5,1,0.023933304473757744,0.36852413415908813,3.0619161128997803,2.169011116027832,0.2446938455104828
observed,61,8,turn_on_lightbulb,turn_on_lightbulb,1,1.9660078287124634,1.7615593671798706,0.8729807138442993,1.3521345853805542,4.255204200744629,2.7428927421569824,3,1,0.02777084708213806,0.6778658628463745,2.7428927421569824,0.6742761135101318,0.24565166234970093
observed,62,8,place_in_slider,place_in_slider,1,1.889557957649231,1.7226718664169312,0.7764219045639038,0.5550796985626221,3.3539440631866455,2.080203056335449,1,0,0.022299015894532204,0.32217666506767273,2.080203056335449,1.3640155792236328,0.39300569891929626
observed,63,8,turn_on_lightbulb,turn_on_lightbulb,1,2.508329153060913,2.037668228149414,1.4627454280853271,1.591815710067749,4.510489463806152,2.8675975799560547,2,1,0.028829867020249367,0.3588314950466156,2.8675975799560547,1.2258118391036987,0.22395473718643188
observed,64,8,lift_red_block_table,lift_red_block_table,1,1.515046238899231,1.2573347091674805,0.8452659845352173,1.2663127183914185,3.9434170722961426,2.480691909790039,1,0,0.05306346341967583,0.9753100872039795,2.480691909790039,1.5823087692260742,0.43551576137542725
observed,65,8,place_in_slider,place_in_slider,1,1.8408089876174927,1.2083239555358887,1.3887156248092651,0.5961944460868835,3.5028624534606934,2.6732897758483887,1,0,0.0376606248319149,0.5435433387756348,2.6732897758483887,1.9055843353271484,0.45663580298423767
observed,66,8,lift_blue_block_slider,lift_blue_block_slider,1,1.472216010093689,1.0858139991760254,0.9941971898078918,1.9187053442001343,4.254018306732178,2.52020001411438,2,1,0.07577978819608688,1.1505367755889893,2.52020001411438,0.815467894077301,0.18918029963970184
observed,67,8,turn_on_lightbulb,turn_on_lightbulb,1,1.290897250175476,0.5729207992553711,1.1567960977554321,0.3683660924434662,4.429734230041504,3.0496163368225098,2,1,0.01978481374680996,0.4156426191329956,3.0496163368225098,1.4112635850906372,0.1734442561864853
observed,68,8,place_in_slider,place_in_slider,1,2.3210201263427734,2.1778693199157715,0.8025082945823669,0.6111018061637878,3.069176197052002,1.8361871242523193,2,1,0.05198724940419197,0.4606151580810547,1.8361871242523193,1.3133219480514526,0.3960324227809906
observed,69,14,place_in_slider,place_in_slider,1,1.9982855319976807,1.4779725074768066,1.3448948860168457,0.6205738186836243,3.393994092941284,2.530749559402466,3,1,0.013335343450307846,0.28211793303489685,2.530749559402466,1.2887223958969116,0.16189764440059662
observed,70,14,turn_off_lightbulb,turn_off_lightbulb,1,1.4860111474990845,1.3563286066055298,0.6071259379386902,0.6246758103370667,4.0094404220581055,2.1957082748413086,1,0,0.03722083196043968,0.7858479022979736,2.1957082748413086,1.6159029006958008,0.5665143728256226
observed,71,14,turn_on_lightbulb,turn_on_lightbulb,1,3.2386085987091064,2.9016926288604736,1.4383201599121094,0.516516387462616,4.702989101409912,2.44765305519104,2,1,0.02532619796693325,0.4096134901046753,2.44765305519104,1.320205569267273,0.2874596118927002
observed,72,14,place_in_slider,place_in_slider,1,1.6924548149108887,1.4786328077316284,0.823436975479126,0.3370976746082306,4.296676158905029,2.7020411491394043,5,1,0.07118550688028336,0.5324656963348389,2.7020411491394043,1.0498169660568237,0.2166842818260193
observed,73,14,lift_red_block_table,lift_red_block_table,1,1.5240360498428345,1.1891754865646362,0.9531776905059814,0.7604230642318726,3.3909716606140137,2.459846019744873,4,1,0.05154880881309509,0.5228754878044128,2.459846019744873,0.8879629373550415,0.2883487045764923
observed,74,14,place_in_slider,place_in_slider,1,2.795344591140747,2.564100742340088,1.1132556200027466,0.5379721522331238,3.889139175415039,2.49886417388916,2,1,0.023202478885650635,0.3799084424972534,2.49886417388916,1.6904993057250977,0.3899257183074951
observed,75,14,turn_on_lightbulb,turn_on_lightbulb,1,2.0019657611846924,1.0571794509887695,1.7000700235366821,1.1766462326049805,4.441719055175781,2.932995319366455,3,1,0.030443748459219933,0.6598855257034302,2.932995319366455,0.5455214381217957,0.2516801059246063
observed,76,14,place_in_slider,place_in_slider,1,1.6023778915405273,1.438737392425537,0.7054430842399597,0.5078321695327759,3.529420852661133,2.2926361560821533,1,0,0.03275014087557793,0.4839913547039032,2.2926361560821533,1.1122548580169678,0.2109123170375824
observed,77,14,turn_off_lightbulb,turn_off_lightbulb,1,1.631361722946167,1.1190626621246338,1.1870298385620117,0.9833316802978516,4.911602973937988,3.004796028137207,2,1,0.03705699369311333,1.0789549350738525,3.004796028137207,1.9035481214523315,0.39681681990623474
observed,78,14,place_in_slider,place_in_slider,1,2.311302423477173,2.1641972064971924,0.8113998174667358,0.4501202404499054,3.2663798332214355,2.1977765560150146,1,0,0.014205087907612324,0.2558133602142334,2.1977765560150146,1.2645196914672852,0.18366912007331848
observed,79,14,push_pink_block_right,push_pink_block_right,1,1.5469542741775513,1.3030765056610107,0.833702027797699,0.6083622574806213,4.1273908615112305,2.7167935371398926,5,1,0.03444698825478554,0.2657044529914856,2.7167935371398926,1.198442816734314,0.2668251097202301
observed,80,14,place_in_slider,place_in_slider,1,1.5871809720993042,1.177045226097107,1.0647573471069336,0.8903569579124451,3.578800678253174,2.486778497695923,1,0,0.031608257442712784,0.6704109907150269,2.486778497695923,1.5506691932678223,0.24384592473506927
observed,81,14,turn_off_lightbulb,turn_off_lightbulb,1,2.2378993034362793,1.9004942178726196,1.1816575527191162,0.7366766333580017,4.788336277008057,2.903815746307373,2,1,0.019834985956549644,0.37052077054977417,2.903815746307373,1.247520923614502,0.300729364156723
observed,82,14,lift_red_block_table,lift_red_block_table,1,1.8842605352401733,1.6897751092910767,0.833725094795227,1.1026324033737183,3.9933459758758545,2.8041317462921143,2,1,0.03176945820450783,0.5045626163482666,2.8041317462921143,1.3803749084472656,0.2940000295639038
observed,83,14,turn_on_lightbulb,turn_on_lightbulb,1,2.478762626647949,1.7923113107681274,1.7122746706008911,1.1354005336761475,5.182598114013672,2.9652187824249268,4,1,0.09293464571237564,2.6811723709106445,2.9652187824249268,1.3568042516708374,0.36449477076530457
observed,84,14,lift_blue_block_slider,lift_blue_block_slider,1,4.083260536193848,3.7568552494049072,1.5997047424316406,0.4959975779056549,4.7599287033081055,2.9565157890319824,1,0,0.038676608353853226,1.4794731140136719,2.9565157890319824,1.8833402395248413,0.48696112632751465
observed,85,14,place_in_slider,place_in_slider,1,1.8357917070388794,1.771880865097046,0.48017647862434387,0.43461182713508606,3.0474159717559814,1.735965371131897,1,0,0.016734253615140915,0.229518860578537,1.735965371131897,0.9580820798873901,0.2144596427679062
observed,86,14,lift_blue_block_slider,lift_blue_block_slider,1,1.6511436700820923,1.430147409439087,0.8251993656158447,0.7732599377632141,5.300225734710693,3.633936643600464,4,1,0.019822703674435616,0.32860320806503296,3.633936643600464,1.3067935705184937,0.398945689201355
observed,87,14,lift_red_block_table,lift_red_block_table,1,2.201322555541992,1.8743762969970703,1.1543550491333008,0.5430312156677246,4.451854705810547,2.499903678894043,1,0,0.042199891060590744,0.6507066488265991,2.499903678894043,1.4129772186279297,0.43544813990592957
observed,88,14,turn_off_lightbulb,turn_off_lightbulb,1,0.8922029733657837,0.7698361873626709,0.45097485184669495,0.5342655777931213,3.035395383834839,2.053248405456543,1,0,0.0499405674636364,0.6607036590576172,2.053248405456543,1.1833724975585938,0.4448431134223938
observed,89,14,lift_red_block_table,lift_red_block_table,1,2.0338761806488037,1.8369190692901611,0.8731440305709839,0.3985740542411804,4.207594871520996,2.539285659790039,1,0,0.08289448171854019,0.6985852122306824,2.539285659790039,1.46979820728302,0.3588947653770447
observed,90,14,turn_on_lightbulb,turn_on_lightbulb,1,2.1998190879821777,1.9005327224731445,1.107781171798706,0.11291413754224777,4.309162139892578,2.874763011932373,5,1,0.005856744479387999,1.024155855178833,2.874763011932373,1.0255258083343506,0.11877278238534927
observed,91,14,place_in_slider,place_in_slider,1,2.1021335124969482,2.01741099357605,0.5907776951789856,0.25990399718284607,3.7974536418914795,2.3568034172058105,5,1,0.00653404975309968,0.11620686948299408,2.3568034172058105,1.1054704189300537,0.11513005197048187
observed,92,14,push_pink_block_right,push_pink_block_right,1,2.1556637287139893,1.675545334815979,1.3562573194503784,0.6728858947753906,4.722422122955322,3.282557964324951,5,1,0.01894812285900116,1.1740959882736206,3.282557964324951,1.7132680416107178,0.43194347620010376
observed,93,14,turn_on_lightbulb,turn_on_lightbulb,1,1.9157153367996216,1.4625376462936401,1.237315058708191,0.5017046928405762,4.568943977355957,3.2052338123321533,5,1,0.044124115258455276,0.877402663230896,3.2052338123321533,1.1940181255340576,0.40531498193740845
observed,94,14,lift_red_block_table,lift_red_block_table,1,1.8557606935501099,1.800277590751648,0.4503873586654663,0.48390281200408936,3.7347865104675293,2.2595744132995605,1,0,0.026494359597563744,0.6081509590148926,2.2595744132995605,0.9849736094474792,0.3031223714351654
observed,95,14,place_in_slider,place_in_slider,1,1.061225175857544,0.8968215584754944,0.5673708915710449,0.5562291145324707,2.880042791366577,1.9498875141143799,1,0,0.014643926173448563,0.159427672624588,1.9498875141143799,1.0484561920166016,0.2071690708398819
observed,96,14,turn_off_lightbulb,turn_off_lightbulb,1,1.406011939048767,1.2485378980636597,0.6465467810630798,0.6638795733451843,3.4105300903320312,2.2212185859680176,2,1,0.02748815156519413,0.5472557544708252,2.2212185859680176,1.062692403793335,0.23707951605319977
observed,97,14,lift_red_block_table,lift_red_block_table,1,2.0878708362579346,1.6599012613296509,1.266464352607727,0.3638545870780945,4.041881084442139,3.0863990783691406,6,1,0.028727449476718903,0.30318596959114075,3.0863990783691406,0.7602737545967102,0.17938117682933807
observed,98,14,place_in_slider,place_in_slider,1,1.8177164793014526,1.7377548217773438,0.5331988334655762,0.29225867986679077,3.0931687355041504,2.048740863800049,1,0,0.017263470217585564,0.32347482442855835,2.048740863800049,1.2896145582199097,0.27136683464050293
observed,99,14,lift_blue_block_slider,lift_blue_block_slider,1,1.8317928314208984,1.5684561729431152,0.9462612271308899,0.671735942363739,4.658417224884033,2.8595004081726074,5,1,0.028561590239405632,0.559800386428833,2.8595004081726074,1.2544645071029663,0.24633148312568665
observed,100,14,lift_red_block_table,lift_red_block_table,1,2.2596261501312256,1.1420809030532837,1.9497592449188232,0.4770324230194092,4.970200538635254,3.2501583099365234,2,1,0.036734092980623245,1.3979634046554565,3.2501583099365234,1.2281253337860107,0.3838961720466614
observed,101,24,lift_red_block_table,lift_red_block_table,1,2.725350856781006,2.1312808990478516,1.698581576347351,1.0332311391830444,4.290947914123535,2.838883638381958,2,1,0.03467509523034096,0.6782561540603638,2.838883638381958,1.0040706396102905,0.24287903308868408
observed,102,24,place_in_slider,place_in_slider,1,1.4827096462249756,1.3972907066345215,0.4959903955459595,0.39512884616851807,3.932238817214966,2.637753963470459,3,1,0.015282198786735535,0.2580675780773163,2.637753963470459,0.7732582092285156,0.17150180041790009
observed,103,24,turn_off_lightbulb,turn_off_lightbulb,1,2.076869010925293,1.727149486541748,1.153403401374817,1.4677660465240479,3.9541289806365967,2.7220516204833984,2,1,0.045720234513282776,0.7564718723297119,2.7220516204833984,1.5298056602478027,0.5357706546783447
observed,104,24,lift_red_block_table,lift_red_block_table,1,1.6569424867630005,1.4996459484100342,0.7046418786048889,0.49645325541496277,4.2285566329956055,2.786846876144409,1,0,0.0201738178730011,0.6241508722305298,2.786846876144409,1.857155442237854,0.45170682668685913
observed,105,24,turn_on_lightbulb,turn_on_lightbulb,1,1.9456150531768799,1.4241197109222412,1.3256323337554932,0.50215744972229,3.9968464374542236,2.515831470489502,1,0,0.023928776383399963,0.4371764361858368,2.515831470489502,2.1949644088745117,0.49526822566986084
observed,106,24,lift_blue_block_slider,lift_blue_block_slider,1,1.6335148811340332,1.2916799783706665,0.9999668598175049,0.5061067342758179,4.059542655944824,2.26167631149292,1,0,0.042060572654008865,0.6036654114723206,2.26167631149292,1.530102014541626,0.3212932050228119
observed,107,24,place_in_slider,place_in_slider,1,2.0979292392730713,1.9450050592422485,0.7862966656684875,1.30605947971344,3.9946625232696533,2.3112430572509766,1,0,0.029371628537774086,0.6151789426803589,2.3112430572509766,1.905400276184082,0.3398856222629547
observed,108,24,push_pink_block_right,push_pink_block_right,1,3.0635836124420166,2.776390314102173,1.295067548751831,0.3813559114933014,5.660244941711426,2.9604201316833496,6,1,0.056496839970350266,1.1282118558883667,2.9604201316833496,1.6548675298690796,0.25485312938690186
observed,109,24,turn_on_lightbulb,turn_on_lightbulb,1,1.8588398694992065,1.5260870456695557,1.061293363571167,0.6413751244544983,4.6541266441345215,3.0501158237457275,3,1,0.01142397616058588,0.4563480019569397,3.0501158237457275,1.0523059368133545,0.2757852077484131
observed,110,24,turn_off_lightbulb,turn_off_lightbulb,1,2.467045545578003,2.097399950027466,1.2989331483840942,1.3048309087753296,4.867831707000732,2.8371081352233887,2,1,0.04221807420253754,0.5988441705703735,2.8371081352233887,1.1609673500061035,0.4091966152191162
observed,111,24,turn_on_lightbulb,turn_on_lightbulb,1,2.2216145992279053,1.586611032485962,1.5550681352615356,0.6451582908630371,4.8812336921691895,3.270777463912964,4,1,0.05087200179696083,1.5756921768188477,3.270777463912964,1.366928219795227,0.27515122294425964
observed,112,24,turn_off_lightbulb,turn_off_lightbulb,1,2.524373769760132,2.1741271018981934,1.2828229665756226,0.6424039006233215,4.310686111450195,2.212045431137085,1,0,0.03161552548408508,0.599567174911499,2.212045431137085,1.588440179824829,0.4631592929363251
observed,113,24,push_pink_block_right,push_pink_block_right,1,4.029392242431641,3.827667713165283,1.258952260017395,0.8330982327461243,6.591986179351807,4.418773651123047,6,1,0.06944694370031357,2.53721284866333,4.418773651123047,2.5014050006866455,0.2368752360343933
observed,114,24,turn_on_lightbulb,turn_on_lightbulb,1,2.3406527042388916,2.098416805267334,1.0369679927825928,0.7513779997825623,5.243561744689941,3.6368796825408936,2,1,0.08532599359750748,1.0547940731048584,3.6368796825408936,2.6840548515319824,0.689225435256958
observed,115,24,lift_red_block_table,lift_red_block_table,1,1.377289891242981,1.2538838386535645,0.5698270201683044,0.587260901927948,3.946772336959839,2.6532840728759766,1,0,0.0573749840259552,0.9757734537124634,2.6532840728759766,1.5083180665969849,0.1856617033481598
observed,116,24,place_in_slider,place_in_slider,1,2.462395191192627,1.7936921119689941,1.6870263814926147,0.7345518469810486,3.9733734130859375,2.6453137397766113,6,1,0.06256232410669327,0.8784257173538208,2.6453137397766113,1.2832224369049072,0.33996284008026123
observed,117,24,turn_off_lightbulb,turn_off_lightbulb,1,1.3861631155014038,0.6140336394309998,1.2427433729171753,1.9280757904052734,4.362052917480469,2.736703634262085,1,0,0.03662298619747162,0.9883737564086914,2.736703634262085,1.2368947267532349,0.46743348240852356
observed,118,24,turn_on_lightbulb,turn_on_lightbulb,1,2.574962854385376,2.469163417816162,0.7305242419242859,0.6275373101234436,4.441740989685059,2.7677459716796875,2,1,0.009914696216583252,0.3205459713935852,2.7677459716796875,0.9243084192276001,0.2907125949859619
observed,119,24,push_pink_block_right,push_pink_block_right,1,2.0303795337677,1.4695498943328857,1.4010226726531982,1.146527886390686,4.609867095947266,3.507176160812378,5,1,0.035803839564323425,1.3301172256469727,3.507176160812378,1.7225399017333984,0.35545098781585693
observed,120,24,lift_red_block_table,lift_red_block_table,1,2.5442633628845215,1.6344594955444336,1.9498252868652344,1.5195814371109009,4.858803749084473,3.429537534713745,1,0,0.06703922897577286,0.9893187284469604,3.429537534713745,2.3987390995025635,0.40715649724006653
observed,121,24,place_in_slider,place_in_slider,1,2.084829568862915,1.5143030881881714,1.4329689741134644,1.098747730255127,4.521956443786621,3.004271984100342,5,1,0.11199096590280533,0.958579421043396,3.004271984100342,1.587364912033081,0.1365758776664734
observed,122,24,turn_on_lightbulb,turn_on_lightbulb,1,1.639798879623413,1.3574750423431396,0.919892430305481,0.6360093355178833,4.131424903869629,2.598341703414917,1,0,0.024836286902427673,0.6482356190681458,2.598341703414917,1.4331172704696655,0.42618706822395325
observed,123,24,push_pink_block_right,push_pink_block_right,1,2.8767571449279785,2.250105142593384,1.7924168109893799,0.8024243712425232,7.3985795974731445,4.0389509201049805,5,1,0.05398965999484062,1.0251460075378418,4.0389509201049805,2.5078513622283936,0.3791930079460144
observed,124,24,place_in_slider,place_in_slider,1,0.9737132787704468,0.7252506017684937,0.6497145891189575,0.3561248481273651,3.2397403717041016,2.292017698287964,1,0,0.021457502618432045,0.2306165099143982,2.292017698287964,1.3295305967330933,0.15280641615390778
observed,125,24,lift_blue_block_slider,lift_blue_block_slider,1,3.2919399738311768,2.190997362136841,2.4569084644317627,1.1347761154174805,5.176146984100342,3.5045204162597656,2,1,0.05757856369018555,0.5756224393844604,3.5045204162597656,2.1003081798553467,0.5090768337249756
observed,126,24,place_in_slider,place_in_slider,1,1.4461767673492432,1.0533573627471924,0.9908913969993591,0.7332794070243835,3.8086509704589844,2.6906280517578125,1,0,0.025712622329592705,0.34427693486213684,2.6906280517578125,1.7136083841323853,0.3817999064922333
observed,127,24,turn_off_lightbulb,turn_off_lightbulb,1,4.035205364227295,1.941808819770813,3.5372672080993652,1.4690968990325928,6.071084022521973,3.943419933319092,4,1,0.06362508237361908,1.471569299697876,3.943419933319092,3.099160671234131,0.42757996916770935
observed,128,24,place_in_slider,place_in_slider,1,1.4870853424072266,1.4029902219772339,0.49299219250679016,0.5985463857650757,3.2390174865722656,2.052834987640381,1,0,0.03145182505249977,0.4059303402900696,2.052834987640381,0.8571042418479919,0.18356874585151672
observed,129,24,lift_blue_block_slider,lift_blue_block_slider,1,2.5050034523010254,2.4194765090942383,0.6489813923835754,0.5909033417701721,4.005432605743408,2.5363504886627197,4,1,0.015962114557623863,0.28732413053512573,2.5363504886627197,1.0749691724777222,0.1936449259519577
observed,130,24,turn_on_lightbulb,turn_on_lightbulb,1,1.847132921218872,1.7816308736801147,0.48753562569618225,0.6650599837303162,4.632805347442627,3.5420756340026855,6,1,0.019887952134013176,0.3450305759906769,3.5420756340026855,0.758468747138977,0.4285863935947418
observed,131,24,lift_red_block_table,lift_red_block_table,1,2.6056647300720215,2.3466994762420654,1.132470965385437,0.5353344082832336,4.865030765533447,3.0854623317718506,3,1,0.022479107603430748,0.8861849904060364,3.0854623317718506,1.044265627861023,0.47571536898612976
observed,132,24,turn_off_lightbulb,turn_off_lightbulb,1,1.364951252937317,1.2519164085388184,0.5438721179962158,0.6373546719551086,3.414294719696045,2.3687000274658203,1,0,0.019380958750844002,0.19540803134441376,2.3687000274658203,1.1032925844192505,0.2820510268211365
observed,133,26,turn_on_lightbulb,turn_on_lightbulb,1,1.5255156755447388,1.1971138715744019,0.9455775022506714,0.6775758862495422,3.8563220500946045,2.6344516277313232,2,1,0.045086394995450974,1.3115077018737793,2.6344516277313232,1.339250922203064,0.4086571931838989
observed,134,26,place_in_slider,place_in_slider,1,1.3019704818725586,1.1834219694137573,0.5428073406219482,0.6667379140853882,3.0724129676818848,2.0230183601379395,1,0,0.04335726797580719,0.3802579641342163,2.0230183601379395,1.1774417161941528,0.35852473974227905
observed,135,26,lift_red_block_table,lift_red_block_table,1,2.8397059440612793,1.677635908126831,2.2911720275878906,1.0788418054580688,5.832258701324463,4.203068256378174,2,1,0.062630794942379,0.7185772657394409,4.203068256378174,3.0007522106170654,0.39273056387901306
observed,136,26,lift_blue_block_slider,lift_blue_block_slider,1,3.6651222705841064,3.3792619705200195,1.4190524816513062,0.7599388957023621,5.776485919952393,3.591397523880005,4,1,0.021714115515351295,0.558518648147583,3.591397523880005,1.6931829452514648,0.2637985050678253
observed,137,26,turn_on_lightbulb,turn_on_lightbulb,1,1.3842041492462158,1.1158708333969116,0.8190563321113586,0.37945282459259033,4.042303562164307,2.63063383102417,2,1,0.038947273045778275,0.6342813968658447,2.63063383102417,1.9645015001296997,0.20922182500362396
observed,138,26,place_in_slider,place_in_slider,1,3.217735528945923,2.809645414352417,1.568347692489624,0.4416967034339905,3.5080909729003906,2.521698474884033,2,1,0.01728552021086216,0.35274234414100647,2.521698474884033,0.8579652905464172,0.23007230460643768
observed,139,26,turn_off_lightbulb,turn_off_lightbulb,1,2.3659563064575195,1.7362570762634277,1.6072211265563965,1.0928244590759277,4.440582275390625,2.8993301391601562,2,1,0.03656218945980072,0.6113461256027222,2.8993301391601562,2.06069278717041,0.2768816649913788
observed,140,26,lift_blue_block_slider,lift_blue_block_slider,1,1.8366340398788452,1.4994109869003296,1.0606560707092285,1.2485607862472534,5.3272857666015625,2.503535270690918,2,1,0.08718851953744888,1.0128929615020752,2.503535270690918,2.168199300765991,0.415076345205307
observed,141,26,turn_on_lightbulb,turn_on_lightbulb,1,1.8503963947296143,1.6921578645706177,0.7487114071846008,0.6020772457122803,3.6238315105438232,2.1349616050720215,1,0,0.021133417263627052,0.38758760690689087,2.1349616050720215,1.2570843696594238,0.29745787382125854
observed,142,26,lift_blue_block_slider,lift_blue_block_slider,1,2.1404716968536377,1.3827952146530151,1.6338595151901245,1.3616880178451538,5.004790306091309,3.325296401977539,1,0,0.04848109558224678,1.0645272731781006,3.325296401977539,2.8716838359832764,0.40407711267471313
observed,143,26,push_pink_block_right,push_pink_block_right,1,1.481827735900879,1.026529312133789,1.0686678886413574,0.3746173679828644,4.030178546905518,2.8138506412506104,3,1,0.007642992306500673,0.1750275194644928,2.8138506412506104,1.1198294162750244,0.24913695454597473
observed,144,26,place_in_slider,place_in_slider,1,1.4906375408172607,1.1103131771087646,0.9945876598358154,0.23509804904460907,2.704587459564209,1.9663379192352295,1,0,0.0075393361039459705,0.13688012957572937,1.9663379192352295,1.1781005859375,0.31163322925567627
observed,145,26,turn_off_lightbulb,turn_off_lightbulb,1,1.6707813739776611,1.4834765195846558,0.768640398979187,0.8270232081413269,4.344976425170898,2.776383876800537,1,0,0.035909611731767654,0.4892942011356354,2.776383876800537,1.2702057361602783,0.33615753054618835
observed,146,26,lift_blue_block_slider,lift_blue_block_slider,1,2.7039897441864014,2.5883781909942627,0.7822137475013733,1.7660672664642334,4.180203914642334,2.5136823654174805,2,1,0.07832074910402298,1.1824729442596436,2.5136823654174805,1.123627781867981,0.29115262627601624
observed,147,26,turn_on_lightbulb,turn_on_lightbulb,1,2.597184181213379,2.35543155670166,1.094216227531433,0.5090609788894653,4.73451042175293,2.583343982696533,5,1,0.05859193205833435,0.600144624710083,2.583343982696533,1.6213289499282837,0.3282434642314911
observed,148,26,place_in_slider,place_in_slider,1,0.8938319087028503,0.7046225666999817,0.5499477982521057,0.691310465335846,2.430293083190918,1.9071025848388672,1,0,0.01684163324534893,0.18163609504699707,1.9071025848388672,1.0458314418792725,0.4078980088233948
observed,149,26,turn_off_lightbulb,turn_off_lightbulb,1,3.3389058113098145,2.5663421154022217,2.1359262466430664,2.158568859100342,5.564443111419678,3.3483994007110596,2,1,0.0749669075012207,1.7204408645629883,3.3483994007110596,2.4240469932556152,0.42337146401405334
observed,150,30,place_in_slider,place_in_slider,1,1.833802580833435,1.6810128688812256,0.7328215837478638,0.2559625804424286,3.6196694374084473,2.220461845397949,5,1,0.01887417957186699,0.4023827016353607,2.220461845397949,1.1526128053665161,0.3475302755832672
observed,151,30,push_pink_block_right,push_pink_block_right,1,2.0527708530426025,1.4399195909500122,1.4630450010299683,1.2176650762557983,4.559689521789551,3.242694139480591,5,1,0.03181484341621399,0.6844165921211243,3.242694139480591,1.7937778234481812,0.35002732276916504
observed,152,30,place_in_slider,place_in_slider,1,2.3263180255889893,2.190721273422241,0.7826206684112549,0.6010623574256897,3.6610267162323,2.2024104595184326,2,1,0.030651500448584557,0.3778111934661865,2.2024104595184326,1.2572273015975952,0.22450830042362213
observed,153,30,lift_blue_block_slider,lift_blue_block_slider,1,1.903822660446167,1.6252697706222534,0.991483211517334,0.3033908009529114,3.882188081741333,2.30277681350708,4,1,0.02951599471271038,0.32942888140678406,2.30277681350708,1.4086518287658691,0.3881860077381134
observed,154,30,lift_red_block_table,lift_red_block_table,1,2.1857516765594482,1.9325374364852905,1.021180510520935,0.43269476294517517,3.4871718883514404,2.079460620880127,1,0,0.041119735687971115,0.40741121768951416,2.079460620880127,1.2913804054260254,0.2697034478187561
observed,155,30,place_in_slider,place_in_slider,1,2.4181859493255615,2.2916951179504395,0.7718531489372253,0.45232364535331726,3.7924442291259766,2.4693922996520996,3,1,0.03887184336781502,0.547604501247406,2.4693922996520996,1.2667489051818848,0.34226667881011963
observed,156,30,push_pink_block_right,push_pink_block_right,1,3.8223953247070312,2.880495071411133,2.5126585960388184,0.154506653547287,5.501692295074463,3.9649176597595215,1,0,0.025075173005461693,1.3865196704864502,3.9649176597595215,3.332287073135376,0.3621542453765869
observed,157,30,turn_on_lightbulb,turn_on_lightbulb,1,1.358724594116211,1.111456274986267,0.781535267829895,1.244931697845459,5.0588788986206055,3.2125675678253174,6,1,0.013241012580692768,0.6877731680870056,3.2125675678253174,0.7063915729522705,0.1971675455570221
observed,158,30,turn_off_lightbulb,turn_off_lightbulb,1,1.743404746055603,1.6034878492355347,0.684315025806427,0.522842288017273,3.5875754356384277,2.353524684906006,3,1,0.030246175825595856,0.5020318031311035,2.353524684906006,1.0160490274429321,0.3187081813812256
observed,159,30,lift_blue_block_slider,lift_blue_block_slider,1,2.153118133544922,1.8421176671981812,1.114683985710144,1.237239122390747,4.2012834548950195,2.7037618160247803,1,0,0.0636352002620697,1.5755672454833984,2.7037618160247803,1.475563645362854,0.3467303216457367
observed,160,30,turn_off_lightbulb,turn_off_lightbulb,1,3.401500701904297,3.3305397033691406,0.6911678910255432,0.4235312044620514,4.094862461090088,2.3478875160217285,2,1,0.03371065482497215,0.5678973197937012,2.3478875160217285,1.047238826751709,0.33134129643440247
observed,161,30,lift_blue_block_slider,lift_blue_block_slider,1,2.945200204849243,2.645893096923828,1.2936201095581055,0.8530197739601135,5.467940330505371,2.932903528213501,4,1,0.06224556267261505,1.2173473834991455,2.932903528213501,2.469782829284668,0.6331993341445923
observed,162,30,turn_on_lightbulb,turn_on_lightbulb,1,2.211118221282959,1.940047025680542,1.0607832670211792,0.9180899262428284,4.448633670806885,2.817039966583252,3,1,0.022522175684571266,0.3553251028060913,2.817039966583252,0.5775133371353149,0.2458834946155548
observed,163,30,turn_off_lightbulb,turn_off_lightbulb,1,1.4561482667922974,1.2724018096923828,0.7080687880516052,0.5194959044456482,4.149214744567871,3.0931100845336914,2,1,0.011661524884402752,0.2082442194223404,3.0931100845336914,0.7190130949020386,0.18021471798419952
observed,0,0,lift_red_block_table,lift_red_block_table,2,3.4449424743652344,1.9297775030136108,2.853696823120117,0.4757210612297058,3.0442028045654297,2.530785083770752,1,0,0.04553072527050972,0.7451047897338867,2.530785083770752,1.9625877141952515,0.21122905611991882
observed,1,0,place_in_slider,place_in_slider,2,3.4551827907562256,2.38913631439209,2.4960601329803467,0.5859521627426147,4.124487400054932,2.0356955528259277,3,1,0.03496410325169563,0.525393545627594,2.0356955528259277,1.079957365989685,0.17181774973869324
observed,2,0,turn_on_lightbulb,turn_on_lightbulb,2,2.8677971363067627,2.3771374225616455,1.6042064428329468,0.31009721755981445,3.6377792358398438,2.4678308963775635,3,1,0.04832269623875618,0.44381460547447205,2.4678308963775635,1.8579307794570923,0.4192284941673279
observed,3,0,turn_off_lightbulb,turn_off_lightbulb,2,2.627955675125122,2.310969829559326,1.2512272596359253,0.5967713594436646,2.869893789291382,2.006467819213867,1,0,0.016105903312563896,0.24736398458480835,2.006467819213867,1.0211049318313599,0.2265157699584961
observed,4,0,push_pink_block_right,push_pink_block_right,2,2.2838072776794434,0.9533015489578247,2.075329303741455,1.6363818645477295,4.689301013946533,3.7690834999084473,4,1,0.07304514944553375,2.26450777053833,3.7690834999084473,1.8191477060317993,0.4398382306098938
observed,5,0,lift_blue_block_slider,lift_blue_block_slider,2,2.2320759296417236,2.05476713180542,0.8718345165252686,0.27002233266830444,3.0233922004699707,1.8452835083007812,1,0,0.01689026691019535,0.27116766571998596,1.8452835083007812,0.8776765465736389,0.24463851749897003
observed,6,0,place_in_slider,place_in_slider,2,4.244426727294922,3.2275583744049072,2.75645112991333,0.5852988362312317,4.292389869689941,2.3935189247131348,5,1,0.04342887923121452,0.9119172096252441,2.3935189247131348,0.9793269634246826,0.25462985038757324
observed,7,0,lift_red_block_table,lift_red_block_table,2,4.546533584594727,2.1112728118896484,4.0265984535217285,0.3368224799633026,3.602534532546997,2.9281954765319824,2,1,0.022947967052459717,0.4766743779182434,2.9281954765319824,1.7807413339614868,0.18928654491901398
observed,8,0,lift_blue_block_slider,lift_blue_block_slider,2,2.2107739448547363,2.005089044570923,0.9312028288841248,0.6071059703826904,3.643664836883545,1.9545904397964478,1,0,0.04446905851364136,0.5362720489501953,1.9545904397964478,1.0754081010818481,0.26253435015678406
observed,9,0,turn_on_lightbulb,turn_on_lightbulb,2,1.456318736076355,0.8737354874610901,1.1650968790054321,0.25186726450920105,3.2648377418518066,2.4241859912872314,2,1,0.033662714064121246,0.3613957166671753,2.4241859912872314,1.2767703533172607,0.22455233335494995
observed,10,0,turn_off_lightbulb,turn_off_lightbulb,2,1.984027624130249,0.8011491894721985,1.8150827884674072,0.3511161804199219,3.269994020462036,2.3970179557800293,1,0,0.04677211865782738,0.4991346001625061,2.3970179557800293,1.9143325090408325,0.27803677320480347
observed,11,0,lift_red_block_table,lift_red_block_table,2,1.822284460067749,1.524059534072876,0.9989809989929199,0.4532424211502075,3.0650835037231445,1.9239099025726318,1,0,0.06320130825042725,0.758711576461792,1.9239099025726318,0.7184702157974243,0.07972211390733719
observed,12,0,lift_blue_block_slider,lift_blue_block_slider,2,2.6307454109191895,1.8594416379928589,1.86099374294281,1.2052594423294067,4.519725322723389,3.18715238571167,2,1,0.1282920390367508,2.50062894821167,3.18715238571167,2.6247920989990234,0.5997735261917114
observed,13,0,turn_off_lightbulb,turn_off_lightbulb,2,2.8491318225860596,1.45652174949646,2.448692798614502,0.6929107308387756,4.113039016723633,3.4130890369415283,1,0,0.06550470739603043,0.9544469118118286,3.4130890369415283,1.5952014923095703,0.21952055394649506
observed,14,0,lift_blue_block_slider,lift_blue_block_slider,2,1.3154661655426025,0.8850544095039368,0.9732060432434082,0.9655701518058777,2.789102077484131,2.060600757598877,1,0,0.02802615612745285,0.47290781140327454,2.060600757598877,1.2540404796600342,0.22684617340564728
observed,15,0,turn_on_lightbulb,turn_on_lightbulb,2,2.79551100730896,2.646996021270752,0.8990519642829895,0.5298635959625244,3.445274829864502,2.2816202640533447,2,1,0.04463779926300049,0.5217032432556152,2.2816202640533447,1.1117827892303467,0.1974181979894638
observed,16,0,push_pink_block_right,push_pink_block_right,2,2.440598726272583,1.8898162841796875,1.5443822145462036,0.5758806467056274,4.09684944152832,2.628675937652588,5,1,0.034877266734838486,1.200169324874878,2.628675937652588,1.673026442527771,0.16986356675624847
observed,17,0,turn_off_lightbulb,turn_off_lightbulb,2,1.612561583518982,1.4610847234725952,0.682338535785675,0.8516800999641418,2.8159618377685547,1.8868682384490967,1,0,0.0996822714805603,1.8285624980926514,1.8868682384490967,1.0419731140136719,0.22458751499652863
observed,18,0,turn_on_lightbulb,turn_on_lightbulb,2,2.769092082977295,2.5330400466918945,1.1187398433685303,0.3000536262989044,3.054774045944214,2.057631492614746,1,0,0.026005908846855164,0.299742192029953,2.057631492614746,1.0256006717681885,0.08840630203485489
observed,19,0,lift_blue_block_slider,lift_blue_block_slider,2,2.938292980194092,2.774998664855957,0.9658918976783752,1.5278384685516357,3.1605772972106934,2.1100964546203613,1,0,0.06660576909780502,1.6296217441558838,2.1100964546203613,1.4907833337783813,0.3994283974170685
observed,20,0,turn_off_lightbulb,turn_off_lightbulb,2,2.7856616973876953,2.409224510192871,1.3984092473983765,0.6941826343536377,3.9152863025665283,2.5261149406433105,1,0,0.07838507741689682,0.8487229347229004,2.5261149406433105,1.706882357597351,0.36960557103157043
observed,21,0,turn_on_lightbulb,turn_on_lightbulb,2,3.0574145317077637,2.827099561691284,1.1641693115234375,0.22393479943275452,3.137331485748291,2.0569241046905518,1,0,0.038428276777267456,0.6531863212585449,2.0569241046905518,0.8025065660476685,0.2786637246608734
observed,22,0,turn_off_lightbulb,turn_off_lightbulb,2,1.3872309923171997,0.977815568447113,0.9840154647827148,0.31549280881881714,3.063821315765381,2.442135810852051,1,0,0.007892422378063202,0.23566462099552155,2.442135810852051,0.9018317461013794,0.3172999918460846
observed,23,0,push_pink_block_right,push_pink_block_right,2,2.7468695640563965,2.509289503097534,1.117478847503662,0.5630645751953125,3.4520366191864014,1.633385419845581,1,0,0.04446125030517578,0.5030766725540161,1.633385419845581,1.5737849473953247,0.3403934836387634
observed,24,0,lift_red_block_table,lift_red_block_table,2,1.7927229404449463,1.6762703657150269,0.6355891227722168,0.31219759583473206,3.369652509689331,1.9498838186264038,1,0,0.02328989841043949,0.28752440214157104,1.9498838186264038,0.8732603788375854,0.253431111574173
observed,25,8,lift_red_block_table,lift_red_block_table,2,2.3712735176086426,1.0749646425247192,2.113619804382324,0.18714872002601624,3.6691384315490723,2.834292411804199,2,1,0.020854845643043518,0.2868293523788452,2.834292411804199,1.0218826532363892,0.26111525297164917
observed,26,8,turn_on_lightbulb,turn_on_lightbulb,2,2.859370231628418,2.7173078060150146,0.8900769948959351,0.7203989624977112,3.257800340652466,2.0479929447174072,1,0,0.030057968571782112,0.300803542137146,2.0479929447174072,1.0182667970657349,0.14138485491275787
observed,27,8,turn_off_lightbulb,turn_off_lightbulb,2,4.787023544311523,1.1572997570037842,4.645024299621582,0.6415311098098755,3.9197754859924316,3.2193541526794434,3,1,0.024050677195191383,0.9423359632492065,3.2193541526794434,1.510501503944397,0.2020249217748642
observed,28,8,turn_on_lightbulb,turn_on_lightbulb,2,2.4840965270996094,2.407790422439575,0.6109668016433716,0.6465923190116882,2.9924283027648926,1.9179866313934326,1,0,0.018209056928753853,0.2437489628791809,1.9179866313934326,0.6721692681312561,0.17158924043178558
observed,29,8,turn_off_lightbulb,turn_off_lightbulb,2,2.9037370681762695,2.4499239921569824,1.5587049722671509,1.759605050086975,3.6317858695983887,2.6404528617858887,2,1,0.04555276036262512,0.965384304523468,2.6404528617858887,0.943860650062561,0.2790105938911438
observed,30,8,place_in_slider,place_in_slider,2,2.424635648727417,2.182720184326172,1.0557416677474976,1.0818426609039307,3.0837087631225586,1.972815752029419,1,0,0.03488636389374733,0.4934858977794647,1.972815752029419,1.4536607265472412,0.2621679902076721
observed,31,8,turn_on_lightbulb,turn_on_lightbulb,2,1.8869760036468506,1.7768429517745972,0.6352227926254272,0.26112374663352966,3.2514488697052,2.27077054977417,2,1,0.03561713919043541,0.3945736289024353,2.27077054977417,1.2650495767593384,0.27753570675849915
observed,32,8,lift_blue_block_slider,lift_blue_block_slider,2,1.0800279378890991,0.8112400770187378,0.7129865884780884,2.9102513790130615,2.568249225616455,2.0662152767181396,1,0,0.07262321561574936,2.5926151275634766,2.0662152767181396,1.2522884607315063,0.39323142170906067
observed,33,8,place_in_slider,place_in_slider,2,2.3478105068206787,1.728566288948059,1.5887962579727173,1.689621090888977,3.6120998859405518,2.5045580863952637,1,0,0.021529546007514,0.5480413436889648,2.5045580863952637,0.9160929322242737,0.20925237238407135
observed,34,8,turn_off_lightbulb,turn_off_lightbulb,2,2.0271804332733154,1.8747278451919556,0.7712692618370056,0.45370036363601685,3.1489317417144775,2.051471471786499,1,0,0.02166271023452282,0.37183940410614014,2.051471471786499,0.9363421201705933,0.26605623960494995
observed,35,8,lift_blue_block_slider,lift_blue_block_slider,2,5.041090488433838,4.95809268951416,0.9109941720962524,0.3377786874771118,4.743074893951416,2.5139200687408447,4,1,0.017275387421250343,1.2305924892425537,2.5139200687408447,1.275768518447876,0.1460040658712387
observed,36,8,lift_red_block_table,lift_red_block_table,2,4.375035762786865,3.4723005294799805,2.661590814590454,0.20772841572761536,3.6399388313293457,2.8835020065307617,1,0,0.010766285471618176,0.36396270990371704,2.8835020065307617,1.0679752826690674,0.2686659097671509
observed,37,8,turn_on_lightbulb,turn_on_lightbulb,2,2.4313244819641113,2.2128405570983887,1.0073108673095703,0.6307197213172913,3.3129284381866455,2.168248414993286,1,0,0.026096055284142494,0.3611169457435608,2.168248414993286,1.29420006275177,0.2895762026309967
observed,38,8,turn_off_lightbulb,turn_off_lightbulb,2,1.9401044845581055,1.7487244606018066,0.8402190804481506,0.7507234811782837,2.9413161277770996,2.072255849838257,1,0,0.02799869515001774,0.3811068832874298,2.072255849838257,0.9494715929031372,0.22877487540245056
observed,39,8,lift_red_block_table,lift_red_block_table,2,2.2176144123077393,2.0922651290893555,0.7350105047225952,0.25000306963920593,3.3337759971618652,1.8364953994750977,1,0,0.03176598995923996,0.4143569767475128,1.8364953994750977,1.026999831199646,0.17581906914710999
observed,40,8,lift_blue_block_slider,lift_blue_block_slider,2,2.402462959289551,2.1705055236816406,1.0299198627471924,0.37276706099510193,3.1899850368499756,1.9960744380950928,2,1,0.02155911736190319,0.4482879042625427,1.9960744380950928,1.2169137001037598,0.11074165999889374
observed,41,8,lift_red_block_table,lift_red_block_table,2,2.5912888050079346,2.339445114135742,1.114349365234375,0.5136582851409912,3.2833855152130127,2.047773838043213,1,0,0.0390886627137661,0.3895680010318756,2.047773838043213,1.1018420457839966,0.19902603328227997
observed,42,8,place_in_slider,place_in_slider,2,1.6374971866607666,1.4198331832885742,0.8157639503479004,0.47124364972114563,3.0643537044525146,1.7962524890899658,1,0,0.014777939766645432,0.21112452447414398,1.7962524890899658,0.8435996174812317,0.11735159158706665
observed,43,8,lift_red_block_table,lift_red_block_table,2,4.965676784515381,1.9439226388931274,4.569366455078125,0.42393580079078674,3.3312103748321533,2.735959529876709,2,1,0.019908787682652473,0.4192323684692383,2.735959529876709,1.1405168771743774,0.22358354926109314
observed,44,8,turn_on_lightbulb,turn_on_lightbulb,2,2.503505229949951,2.398501396179199,0.7174464464187622,0.6580429077148438,2.7144320011138916,1.7547849416732788,1,0,0.0393066443502903,0.41363802552223206,1.7547849416732788,0.595822274684906,0.22620438039302826
observed,45,8,lift_red_block_table,lift_red_block_table,2,2.2163171768188477,1.8135586977005005,1.2739964723587036,0.20187242329120636,4.111065864562988,2.1738550662994385,1,0,0.05191100761294365,0.6246552467346191,2.1738550662994385,2.489959955215454,0.3699890375137329
observed,46,8,place_in_slider,place_in_slider,2,3.247993230819702,2.932671546936035,1.3960291147232056,0.6260911226272583,4.986648082733154,3.2497894763946533,6,1,0.0410197414457798,0.9802384376525879,3.2497894763946533,1.5126757621765137,0.3148914873600006
observed,47,8,lift_blue_block_slider,lift_blue_block_slider,2,4.079593658447266,1.8472856283187866,3.637392044067383,0.279881089925766,4.402915000915527,3.636896848678589,1,0,0.0197466928511858,0.6926062703132629,3.636896848678589,2.7633869647979736,0.2695804238319397
observed,48,8,place_in_slider,place_in_slider,2,2.614536762237549,2.418975830078125,0.9921485781669617,0.613361120223999,3.7232813835144043,2.2195706367492676,2,1,0.07950479537248611,0.5432994365692139,2.2195706367492676,1.4618154764175415,0.4390702545642853
observed,49,8,push_pink_block_right,push_pink_block_right,2,3.3463451862335205,2.5845677852630615,2.1255669593811035,0.5205034017562866,3.5983893871307373,2.5864036083221436,4,1,0.016496600583195686,0.7233476638793945,2.5864036083221436,1.3806788921356201,0.1939801424741745
observed,50,8,lift_blue_block_slider,lift_blue_block_slider,2,4.308664321899414,3.8607311248779297,1.9129403829574585,0.40645289421081543,4.686949253082275,3.0048165321350098,4,1,0.016180120408535004,0.7131890058517456,3.0048165321350098,1.6876047849655151,0.2151385396718979
observed,51,8,turn_off_lightbulb,turn_off_lightbulb,2,2.3257884979248047,1.7094433307647705,1.5770530700683594,0.49082857370376587,3.6411354541778564,2.6442487239837646,1,0,0.02406555972993374,0.6162737607955933,2.6442487239837646,1.636683702468872,0.3753196597099304
observed,52,8,place_in_slider,place_in_slider,2,2.1014301776885986,1.5801854133605957,1.3852880001068115,0.5857918858528137,3.3005104064941406,2.5053226947784424,1,0,0.023443682119250298,0.34638041257858276,2.5053226947784424,0.6925570964813232,0.27596381306648254
observed,53,8,lift_red_block_table,lift_red_block_table,2,3.2397806644439697,1.4252827167510986,2.909424066543579,0.3296433687210083,3.2254741191864014,2.607682228088379,1,0,0.007477336097508669,0.2289407104253769,2.607682228088379,2.1083500385284424,0.26059988141059875
observed,54,8,place_in_slider,place_in_slider,2,2.1192328929901123,1.9248218536376953,0.8866839408874512,1.0005115270614624,3.6815428733825684,2.3365817070007324,1,0,0.024405278265476227,0.8998086452484131,2.3365817070007324,1.0345242023468018,0.2820838391780853
observed,55,8,lift_blue_block_slider,lift_blue_block_slider,2,2.569822311401367,2.2259349822998047,1.2842117547988892,1.1810694932937622,3.3963730335235596,2.283892869949341,3,1,0.04735295847058296,0.9001680612564087,2.283892869949341,0.8100685477256775,0.20986229181289673
observed,56,8,lift_red_block_table,lift_red_block_table,2,3.1627368927001953,2.1802990436553955,2.2911136150360107,0.9860605597496033,4.282208442687988,3.015479803085327,2,1,0.06671729683876038,0.9102007746696472,3.015479803085327,2.5795793533325195,0.17432954907417297
observed,57,8,place_in_slider,place_in_slider,2,1.4322539567947388,1.1313142776489258,0.8783391714096069,0.3799573481082916,2.883733034133911,2.133349895477295,1,0,0.04511534050107002,0.3448869585990906,2.133349895477295,1.3797504901885986,0.18650144338607788
observed,58,8,lift_blue_block_slider,lift_blue_block_slider,2,2.142578601837158,1.4800083637237549,1.5492639541625977,0.34676337242126465,2.8986551761627197,2.493527889251709,1,0,0.013133574277162552,0.2645184397697449,2.493527889251709,1.689459204673767,0.3935477137565613
observed,59,8,turn_off_lightbulb,turn_off_lightbulb,2,2.6106297969818115,2.440370798110962,0.9273502826690674,1.7575246095657349,3.8339340686798096,2.775714635848999,1,0,0.018625276163220406,0.3454344868659973,2.775714635848999,1.6238144636154175,0.17395630478858948
observed,60,8,push_pink_block_right,push_pink_block_right,2,4.402470588684082,1.6184968948364258,4.094168663024902,0.5414285063743591,3.3172855377197266,2.728123188018799,1,0,0.028024280443787575,0.875421941280365,2.728123188018799,1.6817574501037598,0.4798260033130646
observed,61,8,turn_on_lightbulb,turn_on_lightbulb,2,2.8276538848876953,2.7223358154296875,0.764534592628479,0.7941123843193054,2.9894022941589355,1.917527437210083,1,0,0.06115027144551277,0.9093993306159973,1.917527437210083,0.6575385332107544,0.16411170363426208
observed,62,8,place_in_slider,place_in_slider,2,3.426534414291382,2.050396680831909,2.745361804962158,0.33509501814842224,4.392621994018555,2.5564823150634766,6,1,0.018685614690184593,0.5700862407684326,2.5564823150634766,1.4135141372680664,0.32992860674858093
observed,63,8,turn_on_lightbulb,turn_on_lightbulb,2,2.843395948410034,2.6353979110717773,1.0675102472305298,1.0315558910369873,3.2432804107666016,2.156538963317871,2,1,0.03040398098528385,0.35991019010543823,2.156538963317871,1.0100935697555542,0.15669411420822144
observed,64,8,lift_red_block_table,lift_red_block_table,2,1.6336170434951782,1.4514670372009277,0.7496320605278015,1.058153748512268,2.9586668014526367,2.2949023246765137,1,0,0.046061426401138306,1.4474431276321411,2.2949023246765137,1.2602587938308716,0.29641321301460266
observed,65,8,place_in_slider,place_in_slider,2,2.1601006984710693,1.9078205823898315,1.013042688369751,0.8673890233039856,3.442166805267334,2.3067545890808105,2,1,0.07204276323318481,2.0165796279907227,2.3067545890808105,1.5031495094299316,0.27534809708595276
observed,66,8,lift_blue_block_slider,lift_blue_block_slider,2,1.7296441793441772,1.5307434797286987,0.8052908778190613,0.7089260816574097,2.511971950531006,1.6622282266616821,1,0,0.0690087229013443,0.8617146611213684,1.6622282266616821,0.7093552947044373,0.1073155477643013
observed,67,8,turn_on_lightbulb,turn_on_lightbulb,2,1.7248780727386475,1.1613438129425049,1.2753373384475708,0.46048539876937866,3.384075164794922,2.426832675933838,1,0,0.01675066165626049,0.2604067623615265,2.426832675933838,0.7480564117431641,0.2682759165763855
observed,68,8,place_in_slider,place_in_slider,2,3.1333935260772705,2.3757879734039307,2.0429844856262207,0.5226417183876038,3.9313552379608154,2.1917827129364014,3,1,0.02453104592859745,0.6676043272018433,2.1917827129364014,0.9501739144325256,0.3174452781677246
observed,69,14,place_in_slider,place_in_slider,2,2.756803274154663,2.5680158138275146,1.0026261806488037,0.5558801889419556,2.818202018737793,1.739318609237671,1,0,0.033731285482645035,0.3020491302013397,1.739318609237671,0.9991887807846069,0.12483306229114532
observed,70,14,turn_off_lightbulb,turn_off_lightbulb,2,2.0426011085510254,1.8056483268737793,0.954910159111023,1.091989278793335,3.8450019359588623,2.5754494667053223,2,1,0.03806200250983238,0.7539373636245728,2.5754494667053223,1.8402259349822998,0.3361528813838959
observed,71,14,turn_on_lightbulb,turn_on_lightbulb,2,3.163912773132324,2.875997543334961,1.3187040090560913,0.4580126404762268,3.272829532623291,2.2823381423950195,1,0,0.027621209621429443,0.3543504476547241,2.2823381423950195,1.194991111755371,0.21828468143939972
observed,72,14,place_in_slider,place_in_slider,2,1.869400143623352,1.7521886825561523,0.6515304446220398,0.35379722714424133,3.0169637203216553,1.8416574001312256,1,0,0.11475758999586105,0.5396363139152527,1.8416574001312256,0.7602077126502991,0.3113937973976135
observed,73,14,lift_red_block_table,lift_red_block_table,2,3.9927055835723877,1.7247816324234009,3.6009480953216553,0.5515626072883606,3.7871506214141846,3.18287992477417,4,1,0.023743437603116035,1.1670098304748535,3.18287992477417,1.3425475358963013,0.3769407570362091
observed,74,14,place_in_slider,place_in_slider,2,2.5686399936676025,1.7683403491973877,1.8630309104919434,0.9022425413131714,4.289553642272949,2.654176712036133,1,0,0.027555277571082115,0.686677098274231,2.654176712036133,1.1767385005950928,0.4058575928211212
observed,75,14,turn_on_lightbulb,turn_on_lightbulb,2,2.3078434467315674,1.9817626476287842,1.1826910972595215,0.6985393762588501,3.1226632595062256,2.163187265396118,1,0,0.027253249660134315,0.5134918689727783,2.163187265396118,1.0412317514419556,0.1962352842092514
observed,76,14,place_in_slider,place_in_slider,2,1.9223960638046265,1.8236933946609497,0.6080700159072876,0.7547234296798706,2.6779816150665283,1.772233009338379,1,0,0.03103487938642502,0.43569809198379517,1.772233009338379,0.8919451236724854,0.158460795879364
observed,77,14,turn_off_lightbulb,turn_off_lightbulb,2,1.9693670272827148,1.6814215183258057,1.0252941846847534,0.8016502857208252,4.183659076690674,2.4545345306396484,1,0,0.033810731023550034,0.6539362072944641,2.4545345306396484,2.0745902061462402,0.5187095403671265
observed,78,14,place_in_slider,place_in_slider,2,2.599247932434082,1.7129069566726685,1.9550036191940308,0.6028411388397217,3.9076476097106934,2.642815113067627,1,0,0.022422263398766518,0.622310996055603,2.642815113067627,1.5462539196014404,0.24886684119701385
observed,79,14,push_pink_block_right,push_pink_block_right,2,4.00028657913208,0.971605122089386,3.8804996013641357,0.5435959100723267,3.5900871753692627,3.1209020614624023,3,1,0.014748257584869862,0.6665090322494507,3.1209020614624023,1.7130796909332275,0.1674351990222931
observed,80,14,place_in_slider,place_in_slider,2,1.8767129182815552,1.2520418167114258,1.3980138301849365,0.5210926532745361,3.099628210067749,2.1134958267211914,1,0,0.014227047562599182,0.26494014263153076,2.1134958267211914,1.5954512357711792,0.20208317041397095
observed,81,14,turn_off_lightbulb,turn_off_lightbulb,2,2.4225149154663086,2.1323776245117188,1.149584412574768,0.3977113366127014,2.969738483428955,2.0309462547302246,1,0,0.011027634143829346,0.16251538693904877,2.0309462547302246,0.9371970891952515,0.16551312804222107
observed,82,14,lift_red_block_table,lift_red_block_table,2,1.9307461977005005,1.031538724899292,1.632087230682373,0.3462577760219574,3.5208098888397217,2.6456687450408936,2,1,0.0265885591506958,0.5069946050643921,2.6456687450408936,1.7357639074325562,0.2504432201385498
observed,83,14,turn_on_lightbulb,turn_on_lightbulb,2,2.6382555961608887,2.4753808975219727,0.9126244783401489,0.40797844529151917,3.7822608947753906,2.122821092605591,1,0,0.014447449706494808,0.40901222825050354,2.122821092605591,1.594916820526123,0.3935825228691101
observed,84,14,lift_blue_block_slider,lift_blue_block_slider,2,3.051419734954834,2.677222728729248,1.4641175270080566,0.2519467771053314,4.796133995056152,3.35912823677063,6,1,0.038553107529878616,0.752152681350708,3.35912823677063,2.0586435794830322,0.33422529697418213
observed,85,14,place_in_slider,place_in_slider,2,2.553370714187622,1.585593819618225,2.0013980865478516,0.6528752446174622,3.8786869049072266,2.852895498275757,1,0,0.03256917744874954,0.5898786783218384,2.852895498275757,1.2068073749542236,0.31712228059768677
observed,86,14,lift_blue_block_slider,lift_blue_block_slider,2,2.0134081840515137,1.7032430171966553,1.0736738443374634,0.5074337124824524,3.9392032623291016,2.7503082752227783,4,1,0.020072758197784424,0.29418981075286865,2.7503082752227783,1.1699049472808838,0.34767645597457886
observed,87,14,lift_red_block_table,lift_red_block_table,2,1.904294729232788,1.5741127729415894,1.0716842412948608,0.6090234518051147,3.1420273780822754,2.2082505226135254,1,0,0.019576020538806915,0.2518368661403656,2.2082505226135254,1.12001371383667,0.37569963932037354
observed,88,14,turn_off_lightbulb,turn_off_lightbulb,2,1.8577333688735962,0.9632321000099182,1.588507890701294,0.6253080368041992,3.318490505218506,2.6399590969085693,1,0,0.056698042899370193,0.7790042757987976,2.6399590969085693,2.040552854537964,0.2774724066257477
observed,89,14,lift_red_block_table,lift_red_block_table,2,2.014744758605957,1.7430269718170166,1.0104718208312988,0.19324353337287903,3.2792396545410156,2.2761330604553223,2,1,0.049667149782180786,0.44710564613342285,2.2761330604553223,1.5801544189453125,0.3380308449268341
observed,90,14,turn_on_lightbulb,turn_on_lightbulb,2,2.4301233291625977,2.386263370513916,0.45961636304855347,0.6210089325904846,3.053839683532715,1.9380502700805664,1,0,0.04487205669283867,1.5215848684310913,1.9380502700805664,0.6166908144950867,0.13047440350055695
observed,91,14,place_in_slider,place_in_slider,2,1.4749176502227783,1.426689624786377,0.37408387660980225,0.3062747120857239,2.805738687515259,1.7401816844940186,1,0,0.012947243638336658,0.13749971985816956,1.7401816844940186,0.9149504899978638,0.16993744671344757
observed,92,14,push_pink_block_right,push_pink_block_right,2,4.0872979164123535,1.4103986024856567,3.836245536804199,0.176283061504364,3.6464266777038574,3.101137638092041,2,1,0.0075846570543944836,0.42328110337257385,3.101137638092041,1.379300594329834,0.4010969400405884
observed,93,14,turn_on_lightbulb,turn_on_lightbulb,2,3.0138192176818848,2.9716248512268066,0.5025449991226196,0.6686097383499146,3.054091691970825,1.8954025506973267,1,0,0.0211793202906847,0.723175048828125,1.8954025506973267,0.9734928011894226,0.37091368436813354
observed,94,14,lift_red_block_table,lift_red_block_table,2,1.64307701587677,1.3794384002685547,0.8926656246185303,0.5084810853004456,2.8847146034240723,1.9111446142196655,1,0,0.024048030376434326,0.32306811213493347,1.9111446142196655,0.6770889759063721,0.23950359225273132
observed,95,14,place_in_slider,place_in_slider,2,1.9432364702224731,1.6209884881973267,1.0717109441757202,0.6255539059638977,3.696326494216919,2.449218273162842,1,0,0.021088644862174988,0.330183207988739,2.449218273162842,0.7874284386634827,0.08927381038665771
observed,96,14,turn_off_lightbulb,turn_off_lightbulb,2,1.9616659879684448,1.6419191360473633,1.0734220743179321,0.7816898822784424,2.694603443145752,1.838523507118225,1,0,0.011645331047475338,0.2845604419708252,1.838523507118225,0.9658316969871521,0.10239405930042267
observed,97,14,lift_red_block_table,lift_red_block_table,2,3.788996458053589,3.760660171508789,0.4625253975391388,0.5565417408943176,3.936525821685791,2.0221474170684814,1,0,0.027393782511353493,0.3402250111103058,2.0221474170684814,0.5787414312362671,0.2119019776582718
observed,98,14,place_in_slider,place_in_slider,2,2.685784339904785,1.3554891347885132,2.318638801574707,0.39167359471321106,3.9754605293273926,3.0284838676452637,1,0,0.029903044924139977,1.4399681091308594,3.0284838676452637,1.0745214223861694,0.22456541657447815
observed,99,14,lift_blue_block_slider,lift_blue_block_slider,2,1.7067370414733887,1.5447968244552612,0.7256404161453247,0.19904327392578125,3.026496410369873,1.9380460977554321,1,0,0.01248237956315279,0.3299163579940796,1.9380460977554321,0.9819623231887817,0.24132104218006134
observed,100,14,lift_red_block_table,lift_red_block_table,2,2.8078982830047607,2.55087947845459,1.1735872030258179,0.5914205312728882,3.621523380279541,2.361125946044922,2,1,0.06473585218191147,0.669711709022522,2.361125946044922,1.3915727138519287,0.2609659731388092
observed,101,24,lift_red_block_table,lift_red_block_table,2,2.3677890300750732,2.1770381927490234,0.9310906529426575,0.6613524556159973,3.2827441692352295,1.8586394786834717,1,0,0.054880302399396896,0.4129742980003357,1.8586394786834717,1.1641318798065186,0.16890405118465424
observed,102,24,place_in_slider,place_in_slider,2,2.122828483581543,2.083552360534668,0.40646031498908997,0.5690773725509644,3.010632276535034,1.85421621799469,1,0,0.017601318657398224,0.27668750286102295,1.85421621799469,0.8382560014724731,0.23287402093410492
observed,103,24,turn_off_lightbulb,turn_off_lightbulb,2,2.909728527069092,1.9179127216339111,2.1881797313690186,1.5713180303573608,3.5056209564208984,2.905247211456299,1,0,0.07401496917009354,1.2113279104232788,2.905247211456299,2.3692595958709717,0.40631020069122314
observed,104,24,lift_red_block_table,lift_red_block_table,2,1.6731598377227783,1.356074571609497,0.9800640940666199,0.5301374197006226,3.8743560314178467,2.6101112365722656,1,0,0.06242065131664276,1.0050172805786133,2.6101112365722656,1.9143238067626953,0.42950937151908875
observed,105,24,turn_on_lightbulb,turn_on_lightbulb,2,1.9222151041030884,1.6089187860488892,1.0518038272857666,1.0793174505233765,3.2714169025421143,2.175652027130127,1,0,0.05213106796145439,0.9351130127906799,2.175652027130127,1.7454735040664673,0.5985409021377563
observed,106,24,lift_blue_block_slider,lift_blue_block_slider,2,1.3603994846343994,0.9379717111587524,0.985340416431427,1.5062605142593384,3.037424325942993,2.1462905406951904,1,0,0.02389530837535858,0.4301321506500244,2.1462905406951904,0.9662759900093079,0.35650643706321716
observed,107,24,place_in_slider,place_in_slider,2,2.4790756702423096,2.2849297523498535,0.9617229104042053,0.5508393049240112,3.0853469371795654,2.0356574058532715,1,0,0.023235252127051353,0.3983590602874756,2.0356574058532715,1.6092641353607178,0.3505934476852417
observed,108,24,push_pink_block_right,push_pink_block_right,2,3.0151519775390625,2.682624578475952,1.3764691352844238,0.3177768886089325,4.749988079071045,2.991844654083252,5,1,0.074196957051754,0.8456956148147583,2.991844654083252,2.095263957977295,0.3782418966293335
observed,109,24,turn_on_lightbulb,turn_on_lightbulb,2,3.033271551132202,2.9159061908721924,0.8355995416641235,0.5066957473754883,3.1639742851257324,2.105731725692749,1,0,0.017876598984003067,0.2317541390657425,2.105731725692749,0.6388319730758667,0.3673626780509949
observed,110,24,turn_off_lightbulb,turn_off_lightbulb,2,2.716507911682129,2.3941092491149902,1.2836108207702637,0.9071117639541626,3.0756726264953613,1.977243423461914,1,0,0.025266751646995544,0.3239217698574066,1.977243423461914,1.0681341886520386,0.1886938512325287
observed,111,24,turn_on_lightbulb,turn_on_lightbulb,2,2.738269329071045,2.5454957485198975,1.0092428922653198,0.8009456396102905,3.4334092140197754,2.432678699493408,1,0,0.06662864238023758,0.95635986328125,2.432678699493408,1.7622487545013428,0.2652095854282379
observed,112,24,turn_off_lightbulb,turn_off_lightbulb,2,1.8742547035217285,1.7222155332565308,0.7394621968269348,1.8153156042099,3.390023708343506,2.2506136894226074,1,0,0.023717636242508888,0.6054364442825317,2.2506136894226074,1.2606655359268188,0.19511310756206512
observed,113,24,push_pink_block_right,push_pink_block_right,2,4.242464542388916,3.0069403648376465,2.9927942752838135,0.3214482069015503,5.476933479309082,3.9267334938049316,5,1,0.08498871326446533,1.216306209564209,3.9267334938049316,3.094989776611328,0.40932801365852356
observed,114,24,turn_on_lightbulb,turn_on_lightbulb,2,2.3226191997528076,1.7640347480773926,1.5108745098114014,0.833323061466217,4.569360256195068,3.4432220458984375,1,0,0.04501451179385185,0.9724979996681213,3.4432220458984375,1.8879947662353516,0.4686450660228729
observed,115,24,lift_red_block_table,lift_red_block_table,2,1.7520720958709717,1.303406000137329,1.1708499193191528,1.2658432722091675,3.2513134479522705,2.4331908226013184,2,1,0.045154985040426254,0.8905883431434631,2.4331908226013184,1.9307670593261719,0.34681475162506104
observed,116,24,place_in_slider,place_in_slider,2,2.2696783542633057,2.1204917430877686,0.8092923164367676,0.8183059096336365,3.099392890930176,2.2286651134490967,1,0,0.08613889664411545,0.5548520088195801,2.2286651134490967,1.241356372833252,0.3581550717353821
observed,117,24,turn_off_lightbulb,turn_off_lightbulb,2,1.4075676202774048,1.3397361040115356,0.4316874146461487,0.7716531753540039,2.6101527214050293,1.711138129234314,1,0,0.031123926863074303,0.4269043505191803,1.711138129234314,0.9794793128967285,0.46050888299942017
observed,118,24,turn_on_lightbulb,turn_on_lightbulb,2,2.474324941635132,2.3361668586730957,0.8152349591255188,0.2943404018878937,3.0345778465270996,1.9164447784423828,1,0,0.00777464872226119,0.22024771571159363,1.9164447784423828,0.7728376984596252,0.07375394552946091
observed,119,24,push_pink_block_right,push_pink_block_right,2,3.742902994155884,2.4378530979156494,2.8401050567626953,0.3527473211288452,3.5459144115448,2.651669979095459,1,0,0.039214346557855606,0.4667380154132843,2.651669979095459,1.9603792428970337,0.37156441807746887
observed,120,24,lift_red_block_table,lift_red_block_table,2,1.9655932188034058,1.4025437831878662,1.3771082162857056,0.4644436836242676,3.1663777828216553,2.267329454421997,1,0,0.01348536740988493,0.3369797468185425,2.267329454421997,1.5499454736709595,0.5000196695327759
observed,121,24,place_in_slider,place_in_slider,2,2.63329815864563,2.3062427043914795,1.2710243463516235,0.6245219111442566,3.1123886108398438,1.8206350803375244,1,0,0.1092897281050682,0.8997865915298462,1.8206350803375244,1.2869205474853516,0.18697063624858856
observed,122,24,turn_on_lightbulb,turn_on_lightbulb,2,1.458768606185913,1.0628259181976318,0.9992032647132874,0.6547775268554688,3.4727730751037598,2.3814456462860107,1,0,0.0368538461625576,1.0527580976486206,2.3814456462860107,1.5127729177474976,0.37255382537841797
observed,123,24,push_pink_block_right,push_pink_block_right,2,1.77173912525177,1.143147587776184,1.3536148071289062,0.4806378185749054,4.945284843444824,3.8048901557922363,5,1,0.04331710934638977,1.4308903217315674,3.8048901557922363,2.1006948947906494,0.4773578941822052
observed,124,24,place_in_slider,place_in_slider,2,2.1539618968963623,1.6165379285812378,1.42350172996521,0.4594585597515106,3.91736102104187,2.5115246772766113,1,0,0.019213907420635223,0.6989166736602783,2.5115246772766113,1.5410794019699097,0.13332056999206543
observed,125,24,lift_blue_block_slider,lift_blue_block_slider,2,3.955435037612915,3.098083019256592,2.4591355323791504,0.680421769618988,4.15923547744751,3.503782272338867,1,0,0.08723150938749313,1.5003409385681152,3.503782272338867,2.244720935821533,0.510683000087738
observed,126,24,place_in_slider,place_in_slider,2,1.6403745412826538,1.3745330572128296,0.8952581882476807,0.6244917511940002,3.9896323680877686,2.854787588119507,1,0,0.0239021684974432,0.5376929044723511,2.854787588119507,1.3232194185256958,0.2332611232995987
observed,127,24,turn_off_lightbulb,turn_off_lightbulb,2,3.2442891597747803,2.7734949588775635,1.6831926107406616,0.5169766545295715,4.432539463043213,2.7553820610046387,1,0,0.02065727673470974,0.6626054048538208,2.7553820610046387,2.1421706676483154,0.2846144139766693
observed,128,24,place_in_slider,place_in_slider,2,2.5440332889556885,1.934198260307312,1.6525683403015137,0.4923415780067444,3.798842191696167,2.3820292949676514,1,0,0.0169661995023489,0.516261100769043,2.3820292949676514,0.9823886752128601,0.17759662866592407
observed,129,24,lift_blue_block_slider,lift_blue_block_slider,2,2.440006971359253,2.1800835132598877,1.0958423614501953,0.7432708740234375,2.9847497940063477,2.27465558052063,1,0,0.015012145042419434,0.3151252269744873,2.27465558052063,1.2932360172271729,0.24166885018348694
observed,130,24,turn_on_lightbulb,turn_on_lightbulb,2,2.097371816635132,1.589652180671692,1.3682010173797607,1.2687249183654785,4.381356239318848,2.987431049346924,3,1,0.02265278808772564,0.39310914278030396,2.987431049346924,0.786141574382782,0.22212666273117065
observed,131,24,lift_red_block_table,lift_red_block_table,2,2.725870132446289,2.6080644130706787,0.7926962375640869,0.41329318284988403,3.416682720184326,1.9984619617462158,1,0,0.09583324193954468,0.6685106754302979,1.9984619617462158,0.9224233627319336,0.3016166090965271
observed,132,24,turn_off_lightbulb,turn_off_lightbulb,2,1.7406257390975952,1.553558588027954,0.7850054502487183,0.5652147531509399,3.00260066986084,2.3597865104675293,1,0,0.026239490136504173,0.500211238861084,2.3597865104675293,1.0577086210250854,0.336407333612442
observed,133,26,turn_on_lightbulb,turn_on_lightbulb,2,1.5949211120605469,0.9470027685165405,1.2833391427993774,1.1970798969268799,3.2705178260803223,2.4563560485839844,1,0,0.0897689238190651,3.216884136199951,2.4563560485839844,1.5862412452697754,0.26117533445358276
observed,134,26,place_in_slider,place_in_slider,2,2.619123935699463,2.1854288578033447,1.4435062408447266,0.5134403109550476,3.662846088409424,1.9783027172088623,1,0,0.02136542834341526,0.4614359736442566,1.9783027172088623,1.372074842453003,0.25407204031944275
observed,135,26,lift_red_block_table,lift_red_block_table,2,2.6174423694610596,2.218728542327881,1.3886138200759888,1.1100457906723022,5.1522369384765625,3.913567304611206,2,1,0.05000165477395058,1.0661118030548096,3.913567304611206,2.4913525581359863,0.5060762763023376
observed,136,26,lift_blue_block_slider,lift_blue_block_slider,2,3.4297540187835693,2.959406614303589,1.7335301637649536,1.127525806427002,4.512568473815918,2.9134984016418457,3,1,0.017737099900841713,0.5417943000793457,2.9134984016418457,1.1243088245391846,0.2202339470386505
observed,137,26,turn_on_lightbulb,turn_on_lightbulb,2,1.9916009902954102,1.118106722831726,1.6481237411499023,0.7712928056716919,4.114831447601318,2.97471284866333,5,1,0.037662722170352936,1.1722532510757446,2.97471284866333,1.711101770401001,0.4290667176246643
observed,138,26,place_in_slider,place_in_slider,2,2.280602216720581,1.3769696950912476,1.817993402481079,0.49332964420318604,4.21061897277832,2.847224712371826,5,1,0.0203667301684618,0.7376808524131775,2.847224712371826,1.1493009328842163,0.18734939396381378
observed,139,26,turn_off_lightbulb,turn_off_lightbulb,2,2.0470023155212402,1.2024394273757935,1.6566106081008911,0.6953276991844177,3.7416625022888184,2.5039865970611572,2,1,0.09456068277359009,0.6775642037391663,2.5039865970611572,1.518143892288208,0.27820533514022827
observed,140,26,lift_blue_block_slider,lift_blue_block_slider,2,1.8739084005355835,1.404962182044983,1.2400057315826416,0.5472698211669922,4.043322563171387,2.2416563034057617,2,1,0.03929457440972328,0.5484703779220581,2.2416563034057617,2.0812981128692627,0.39085817337036133
observed,141,26,turn_on_lightbulb,turn_on_lightbulb,2,2.011730194091797,1.1573227643966675,1.6454975605010986,0.4875757098197937,3.2724056243896484,2.304076671600342,1,0,0.014530676417052746,0.33755719661712646,2.304076671600342,1.492919921875,0.253694087266922
observed,142,26,lift_blue_block_slider,lift_blue_block_slider,2,2.6064505577087402,1.6483311653137207,2.0190563201904297,0.23044848442077637,4.11697244644165,2.8274307250976562,1,0,0.020233474671840668,0.5768722891807556,2.8274307250976562,2.593566417694092,0.5032150745391846
observed,143,26,push_pink_block_right,push_pink_block_right,2,4.341839790344238,1.3491331338882446,4.126913547515869,1.0876439809799194,3.0330047607421875,2.276759624481201,1,0,0.018885601311922073,0.9375351071357727,2.276759624481201,1.314278244972229,0.1546764224767685
observed,144,26,place_in_slider,place_in_slider,2,1.7463523149490356,1.3554185628890991,1.1011751890182495,0.7086964845657349,3.5714735984802246,2.416078805923462,1,0,0.025126023218035698,0.3851218521595001,2.416078805923462,0.944847822189331,0.13402259349822998
observed,145,26,turn_off_lightbulb,turn_off_lightbulb,2,1.890020728111267,1.7617154121398926,0.6844978928565979,0.7411580085754395,2.84800124168396,1.7958571910858154,1,0,0.039175909012556076,0.38453197479248047,1.7958571910858154,0.8990040421485901,0.323047012090683
observed,146,26,lift_blue_block_slider,lift_blue_block_slider,2,2.7039599418640137,2.522193431854248,0.974648654460907,0.3849087059497833,2.94099497795105,1.8272863626480103,1,0,0.024508068338036537,0.2813336253166199,1.8272863626480103,1.3896855115890503,0.21017448604106903
observed,147,26,turn_on_lightbulb,turn_on_lightbulb,2,1.5219206809997559,1.2892506122589111,0.808749258518219,0.6579599380493164,4.541161060333252,2.9951422214508057,4,1,0.07207787036895752,2.438927173614502,2.9951422214508057,1.3205801248550415,0.12222695350646973
observed,148,26,place_in_slider,place_in_slider,2,2.385552167892456,1.9422882795333862,1.385054349899292,0.5555647611618042,3.7575793266296387,2.3067383766174316,1,0,0.025011375546455383,0.9794784784317017,2.3067383766174316,0.7803410291671753,0.21201638877391815
observed,149,26,turn_off_lightbulb,turn_off_lightbulb,2,3.400580883026123,2.7446184158325195,2.007740020751953,0.9615656137466431,3.9570231437683105,2.649951457977295,1,0,0.05561807379126549,1.1118285655975342,2.649951457977295,2.3146603107452393,0.35557717084884644
observed,150,30,place_in_slider,place_in_slider,2,1.8912115097045898,1.7213722467422485,0.7832998037338257,0.25364845991134644,3.145113229751587,2.0021252632141113,2,1,0.015209843404591084,0.34739208221435547,2.0021252632141113,1.4549797773361206,0.28112220764160156
observed,151,30,push_pink_block_right,push_pink_block_right,2,3.3205606937408447,1.2019407749176025,3.095393657684326,0.43259528279304504,3.3760483264923096,2.736091375350952,1,0,0.02814650535583496,0.8355938792228699,2.736091375350952,1.5556367635726929,0.4708201587200165
observed,152,30,place_in_slider,place_in_slider,2,1.5060995817184448,1.2916773557662964,0.774535596370697,0.48172527551651,3.007216691970825,1.9236557483673096,1,0,0.0202669445425272,0.31279295682907104,1.9236557483673096,1.088741421699524,0.27009108662605286
observed,153,30,lift_blue_block_slider,lift_blue_block_slider,2,1.7996162176132202,1.2630620002746582,1.2819098234176636,0.5016070604324341,2.801466941833496,1.9454253911972046,1,0,0.05031051114201546,0.7755078077316284,1.9454253911972046,0.7476027011871338,0.40859895944595337
observed,154,30,lift_red_block_table,lift_red_block_table,2,5.18466329574585,2.133753776550293,4.72523307800293,0.5199504494667053,3.7702763080596924,2.9609017372131348,1,0,0.05821503326296806,0.5376327633857727,2.9609017372131348,1.2786997556686401,0.2299925833940506
observed,155,30,place_in_slider,place_in_slider,2,2.2962725162506104,2.1753923892974854,0.7352108955383301,0.8774104714393616,3.4001705646514893,1.8425061702728271,1,0,0.10230640321969986,1.1225584745407104,1.8425061702728271,1.4011473655700684,0.22414757311344147
observed,156,30,push_pink_block_right,push_pink_block_right,2,2.512768268585205,2.1448910236358643,1.3089869022369385,0.1668066382408142,5.155721664428711,3.241267442703247,1,0,0.022007646039128304,1.2186927795410156,3.241267442703247,2.870853900909424,0.407513290643692
observed,157,30,turn_on_lightbulb,turn_on_lightbulb,2,2.8645148277282715,2.778881072998047,0.6951724290847778,0.18553631007671356,3.203113555908203,2.0324554443359375,1,0,0.0202938262373209,0.29454612731933594,2.0324554443359375,0.8481633067131042,0.13173720240592957
observed,158,30,turn_off_lightbulb,turn_off_lightbulb,2,1.9108028411865234,1.6657946109771729,0.93610680103302,0.42410483956336975,2.6002306938171387,1.8494136333465576,1,0,0.01686250977218151,0.284009724855423,1.8494136333465576,1.2064753770828247,0.20953041315078735
observed,159,30,lift_blue_block_slider,lift_blue_block_slider,2,1.6861714124679565,1.4880547523498535,0.7930113077163696,0.7688595056533813,2.74843430519104,2.032235860824585,1,0,0.05565005540847778,1.2161452770233154,2.032235860824585,1.4280582666397095,0.3585034906864166
observed,160,30,turn_off_lightbulb,turn_off_lightbulb,2,3.3691933155059814,2.9290738105773926,1.6649287939071655,0.8363639712333679,3.621267795562744,2.6043882369995117,2,1,0.032994627952575684,0.4282248318195343,2.6043882369995117,1.7696250677108765,0.3656144142150879
observed,161,30,lift_blue_block_slider,lift_blue_block_slider,2,3.045686721801758,2.773890256881714,1.257672905921936,1.2065186500549316,4.159218788146973,2.379812717437744,1,0,0.08340943604707718,1.0686590671539307,2.379812717437744,1.917197823524475,0.6071816682815552
observed,162,30,turn_on_lightbulb,turn_on_lightbulb,2,2.6611592769622803,2.4898340702056885,0.9394116401672363,0.5970797538757324,3.032888889312744,2.025373935699463,1,0,0.03532180190086365,0.43537306785583496,2.025373935699463,0.6430469155311584,0.15205121040344238
observed,163,30,turn_off_lightbulb,turn_off_lightbulb,2,1.7572461366653442,1.7212079763412476,0.3540576696395874,0.7115350365638733,2.7549362182617188,1.9390628337860107,1,0,0.023299485445022583,0.30136823654174805,1.9390628337860107,0.6613445281982422,0.16514861583709717
observed,0,0,lift_red_block_table,lift_red_block_table,3,3.181211471557617,3.042257785797119,0.9299322366714478,0.6833435297012329,3.4573779106140137,2.3903863430023193,3,1,0.0355355329811573,0.9880222082138062,2.3903863430023193,1.1311196088790894,0.2068597823381424
observed,1,0,place_in_slider,place_in_slider,3,3.137556552886963,2.7104899883270264,1.5803500413894653,1.1179288625717163,4.701923847198486,2.585304021835327,6,1,0.06842212378978729,1.4801777601242065,2.585304021835327,2.038585901260376,0.20000943541526794
observed,2,0,turn_on_lightbulb,turn_on_lightbulb,3,4.269735336303711,1.4022091627120972,4.032920837402344,0.618735671043396,4.1335248947143555,3.086132049560547,2,1,0.014180432073771954,0.7409693002700806,3.086132049560547,1.8948655128479004,0.4606049656867981
observed,3,0,turn_off_lightbulb,turn_off_lightbulb,3,3.6982052326202393,1.2612203359603882,3.47649884223938,0.4782695770263672,3.8378376960754395,3.355193614959717,1,0,0.010546228848397732,0.6070213913917542,3.355193614959717,0.7198742032051086,0.19250571727752686
observed,4,0,push_pink_block_right,push_pink_block_right,3,1.8476365804672241,1.2407995462417603,1.3690060377120972,0.21321775019168854,3.2294750213623047,2.0548694133758545,1,0,0.019005218520760536,0.3948894739151001,2.0548694133758545,1.5555418729782104,0.4581928253173828
observed,5,0,lift_blue_block_slider,lift_blue_block_slider,3,2.4237864017486572,1.4846900701522827,1.9158384799957275,0.3547813594341278,2.848998785018921,2.3808493614196777,1,0,0.013484048657119274,0.8634506464004517,2.3808493614196777,2.0513899326324463,0.14153437316417694
observed,6,0,place_in_slider,place_in_slider,3,2.932910919189453,2.5921990871429443,1.372031569480896,0.4700603485107422,4.890913486480713,2.990983247756958,6,1,0.016731588169932365,0.9764931797981262,2.990983247756958,1.6904040575027466,0.26569241285324097
observed,7,0,lift_red_block_table,lift_red_block_table,3,3.9374849796295166,3.6905810832977295,1.3723701238632202,0.4865306317806244,4.095660209655762,2.9425902366638184,3,1,0.0241388026624918,1.0367830991744995,2.9425902366638184,1.5755265951156616,0.31145864725112915
observed,8,0,lift_blue_block_slider,lift_blue_block_slider,3,1.9231674671173096,1.7213963270187378,0.8575360178947449,0.20105427503585815,2.675825357437134,1.8432600498199463,1,0,0.027028152719140053,0.2880789339542389,1.8432600498199463,1.0561612844467163,0.1988588124513626
observed,9,0,turn_on_lightbulb,turn_on_lightbulb,3,2.672600269317627,1.1413558721542358,2.4166297912597656,0.5668121576309204,3.656855344772339,2.916900396347046,2,1,0.04498601332306862,0.675279438495636,2.916900396347046,0.9140756130218506,0.14940230548381805
observed,10,0,turn_off_lightbulb,turn_off_lightbulb,3,3.5459749698638916,1.9027740955352783,2.9922213554382324,0.43074706196784973,3.853847026824951,3.357292652130127,4,1,0.01596030779182911,1.2628135681152344,3.357292652130127,1.5730719566345215,0.18465375900268555
observed,11,0,lift_red_block_table,lift_red_block_table,3,2.340672254562378,1.6480576992034912,1.6621228456497192,0.3196175694465637,2.800717830657959,2.3122565746307373,1,0,0.010024357587099075,0.2044295370578766,2.3122565746307373,1.6978341341018677,0.12745679914951324
observed,12,0,lift_blue_block_slider,lift_blue_block_slider,3,2.4570364952087402,1.7248364686965942,1.7498477697372437,0.337251216173172,4.62221622467041,3.2097232341766357,2,1,0.05103681609034538,0.7785354852676392,3.2097232341766357,2.7464590072631836,0.5645819306373596
observed,13,0,turn_off_lightbulb,turn_off_lightbulb,3,2.33836030960083,2.1648097038269043,0.8840405941009521,0.604501485824585,3.2028164863586426,2.520951747894287,1,0,0.02279733121395111,0.48689112067222595,2.520951747894287,1.2740623950958252,0.22049644589424133
observed,14,0,lift_blue_block_slider,lift_blue_block_slider,3,2.294675350189209,1.6343817710876465,1.6106929779052734,0.359657347202301,2.7084460258483887,2.32542085647583,1,0,0.00938188936561346,0.2639504075050354,2.32542085647583,1.730086326599121,0.1938345730304718
observed,15,0,turn_on_lightbulb,turn_on_lightbulb,3,3.5274085998535156,2.501544952392578,2.486942768096924,0.5289917588233948,3.5986430644989014,2.920659065246582,1,0,0.026484116911888123,0.8025979399681091,2.920659065246582,2.0284953117370605,0.11993419378995895
observed,16,0,push_pink_block_right,push_pink_block_right,3,3.734959840774536,1.7608058452606201,3.293856143951416,0.29101020097732544,2.9116241931915283,2.2093329429626465,1,0,0.00824208278208971,0.25703951716423035,2.2093329429626465,2.048211097717285,0.2872354984283447
observed,17,0,turn_off_lightbulb,turn_off_lightbulb,3,3.458906888961792,1.1231577396392822,3.2714760303497314,0.6104398369789124,4.030890464782715,3.4781811237335205,4,1,0.05605016276240349,1.2866852283477783,3.4781811237335205,1.267389178276062,0.176713228225708
observed,18,0,turn_on_lightbulb,turn_on_lightbulb,3,4.166814804077148,1.7086479663848877,3.800377368927002,0.23548319935798645,3.7377498149871826,3.085416793823242,2,1,0.014602281153202057,0.3293963372707367,3.085416793823242,1.8683395385742188,0.11653974652290344
observed,19,0,lift_blue_block_slider,lift_blue_block_slider,3,4.080803394317627,1.4643495082855225,3.809020519256592,0.45575395226478577,3.3292744159698486,2.785202980041504,1,0,0.01951669715344906,0.44125667214393616,2.785202980041504,2.419231414794922,0.3905574679374695
observed,20,0,turn_off_lightbulb,turn_off_lightbulb,3,2.5509634017944336,1.050388216972351,2.324671983718872,0.5152689218521118,3.687746047973633,3.1852917671203613,1,0,0.017629949375987053,1.0010366439819336,3.1852917671203613,0.9674140810966492,0.3256097435951233
observed,21,0,turn_on_lightbulb,turn_on_lightbulb,3,2.8236565589904785,2.2898342609405518,1.6521791219711304,0.49134597182273865,3.1116206645965576,2.3341050148010254,1,0,0.012188325636088848,0.732564389705658,2.3341050148010254,1.7385083436965942,0.28797346353530884
observed,22,0,turn_off_lightbulb,turn_off_lightbulb,3,3.2508747577667236,0.8603792190551758,3.134953737258911,0.42950674891471863,3.695545196533203,3.2672698497772217,1,0,0.008158590644598007,0.4547252655029297,3.2672698497772217,1.1380243301391602,0.316471129655838
observed,23,0,push_pink_block_right,push_pink_block_right,3,2.9292869567871094,1.7907164096832275,2.3182013034820557,0.656904399394989,4.518609523773193,2.1841647624969482,6,1,0.03190479055047035,0.6968820095062256,2.1841647624969482,1.2071161270141602,0.3467663526535034
observed,24,0,lift_red_block_table,lift_red_block_table,3,1.6154417991638184,1.1026512384414673,1.1805983781814575,0.6566658616065979,2.5752453804016113,1.946944236755371,1,0,0.03121238946914673,1.183543086051941,1.946944236755371,0.9722899794578552,0.21527725458145142
observed,25,8,lift_red_block_table,lift_red_block_table,3,2.1089487075805664,1.4393696784973145,1.541388750076294,0.4264417290687561,3.72571063041687,3.0484814643859863,4,1,0.022464632987976074,0.625051736831665,3.0484814643859863,1.54120671749115,0.18200799822807312
observed,26,8,turn_on_lightbulb,turn_on_lightbulb,3,2.5964834690093994,1.6072959899902344,2.0391972064971924,0.44915443658828735,3.263240098953247,2.6180193424224854,1,0,0.013024565763771534,0.36121198534965515,2.6180193424224854,1.757261037826538,0.157234787940979
observed,27,8,turn_off_lightbulb,turn_off_lightbulb,3,1.8638261556625366,1.645019292831421,0.8762189149856567,0.13669005036354065,2.5227060317993164,1.7503283023834229,1,0,0.009674097411334515,0.38336196541786194,1.7503283023834229,1.2585508823394775,0.15602640807628632
observed,28,8,turn_on_lightbulb,turn_on_lightbulb,3,2.600316047668457,2.0892066955566406,1.548179268836975,0.6436995267868042,3.1329538822174072,2.3509838581085205,1,0,0.013503499329090118,0.20147308707237244,2.3509838581085205,1.5854101181030273,0.17551670968532562
observed,29,8,turn_off_lightbulb,turn_off_lightbulb,3,2.5824108123779297,1.8413029909133911,1.8106489181518555,0.3083098232746124,3.5894272327423096,2.8829336166381836,2,1,0.039163243025541306,0.7037197947502136,2.8829336166381836,1.3492741584777832,0.2469281256198883
observed,30,8,place_in_slider,place_in_slider,3,3.3731849193573,3.0974369049072266,1.335762858390808,0.37976858019828796,3.469489336013794,2.089958667755127,1,0,0.014741078019142151,0.3380720019340515,2.089958667755127,1.2953717708587646,0.2246643453836441
observed,31,8,turn_on_lightbulb,turn_on_lightbulb,3,1.8625657558441162,0.8383099436759949,1.6632460355758667,0.6470723748207092,3.303936004638672,2.3990321159362793,2,1,0.03046359121799469,0.7555442452430725,2.3990321159362793,1.7075936794281006,0.24532081186771393
observed,32,8,lift_blue_block_slider,lift_blue_block_slider,3,2.5048277378082275,1.8222752809524536,1.7185677289962769,0.49488377571105957,3.4032039642333984,2.8449339866638184,1,0,0.02397233247756958,0.3784497380256653,2.8449339866638184,1.4525437355041504,0.317909836769104
observed,33,8,place_in_slider,place_in_slider,3,2.43001127243042,2.313286781311035,0.7440828084945679,1.6668373346328735,4.541416645050049,3.2479805946350098,2,1,0.032224491238594055,0.6049370765686035,3.2479805946350098,0.9156085252761841,0.15675219893455505
observed,34,8,turn_off_lightbulb,turn_off_lightbulb,3,2.3421449661254883,1.2841993570327759,1.958692193031311,0.4868374466896057,3.9064948558807373,3.2527530193328857,3,1,0.023403922095894814,0.746274471282959,3.2527530193328857,1.6360652446746826,0.18565689027309418
observed,35,8,lift_blue_block_slider,lift_blue_block_slider,3,3.7264928817749023,3.492004156112671,1.3010213375091553,0.66194087266922,3.823928117752075,2.133115291595459,1,0,0.03922247514128685,1.638174295425415,2.133115291595459,1.6117424964904785,0.15918698906898499
observed,36,8,lift_red_block_table,lift_red_block_table,3,3.256193161010742,2.9616928100585938,1.3532081842422485,0.4304773211479187,3.7682628631591797,2.535062313079834,2,1,0.02188321016728878,1.3459910154342651,2.535062313079834,1.4805641174316406,0.4532788395881653
observed,37,8,turn_on_lightbulb,turn_on_lightbulb,3,2.5973925590515137,1.6581066846847534,1.9992825984954834,0.6965243220329285,3.5898985862731934,2.7052359580993652,2,1,0.016555307433009148,0.8037973642349243,2.7052359580993652,2.233074426651001,0.20875266194343567
observed,38,8,turn_off_lightbulb,turn_off_lightbulb,3,3.7498137950897217,1.2840540409088135,3.5231106281280518,0.5933826565742493,4.168099403381348,3.508254289627075,5,1,0.009522591717541218,0.5381636619567871,3.508254289627075,0.826434850692749,0.16106075048446655
observed,39,8,lift_red_block_table,lift_red_block_table,3,1.7902846336364746,1.4980326890945435,0.9803148508071899,0.5429847240447998,2.7946970462799072,2.1584348678588867,2,1,0.032169587910175323,1.474083662033081,2.1584348678588867,1.351006269454956,0.13651777803897858
observed,40,8,lift_blue_block_slider,lift_blue_block_slider,3,3.300352096557617,1.9878427982330322,2.6345410346984863,0.46000733971595764,3.4664509296417236,2.8179402351379395,1,0,0.013293790630996227,0.8032459020614624,2.8179402351379395,2.4956443309783936,0.22182047367095947
observed,41,8,lift_red_block_table,lift_red_block_table,3,2.9704649448394775,1.640668272972107,2.4762611389160156,0.3738974630832672,3.0769519805908203,2.380526304244995,1,0,0.011674764566123486,0.38489362597465515,2.380526304244995,1.9050356149673462,0.21270784735679626
observed,42,8,place_in_slider,place_in_slider,3,2.8324222564697266,2.4188907146453857,1.473629355430603,0.6994802951812744,3.5196189880371094,2.6419434547424316,1,0,0.021155163645744324,0.4944765567779541,2.6419434547424316,0.9673880934715271,0.2322484403848648
observed,43,8,lift_red_block_table,lift_red_block_table,3,3.7370097637176514,3.3770177364349365,1.600311279296875,0.6149506568908691,3.787273406982422,3.025073766708374,4,1,0.01479087769985199,0.8595336079597473,3.025073766708374,1.3014347553253174,0.2628430426120758
observed,44,8,turn_on_lightbulb,turn_on_lightbulb,3,2.4481217861175537,1.3206242322921753,2.061371326446533,0.54090815782547,3.121199131011963,2.3724875450134277,1,0,0.015131057240068913,0.7419792413711548,2.3724875450134277,1.5476104021072388,0.14292073249816895
observed,45,8,lift_red_block_table,lift_red_block_table,3,2.9285638332366943,2.013474702835083,2.1265947818756104,0.4474864602088928,4.210042476654053,2.681555986404419,2,1,0.03742843493819237,0.9190072417259216,2.681555986404419,2.136793613433838,0.3729702830314636
observed,46,8,place_in_slider,place_in_slider,3,3.6132609844207764,2.689042806625366,2.413442373275757,0.20931817591190338,4.919471740722656,3.3751988410949707,6,1,0.008467835374176502,0.6692748069763184,3.3751988410949707,2.0216870307922363,0.28099995851516724
observed,47,8,lift_blue_block_slider,lift_blue_block_slider,3,2.7587943077087402,1.482017993927002,2.326922655105591,0.6037050485610962,4.614343166351318,3.9716289043426514,1,0,0.022054806351661682,0.6010713577270508,3.9716289043426514,1.6056007146835327,0.3823993504047394
observed,48,8,place_in_slider,place_in_slider,3,2.952873706817627,2.2656936645507812,1.893699049949646,0.2770586311817169,4.868576526641846,3.1592626571655273,1,0,0.0533234179019928,2.8330788612365723,3.1592626571655273,1.5957765579223633,0.28116628527641296
observed,49,8,push_pink_block_right,push_pink_block_right,3,2.2772769927978516,2.1221349239349365,0.8261558413505554,0.1460530310869217,2.2582526206970215,1.1796644926071167,1,0,0.007526412606239319,0.155310720205307,1.1796644926071167,0.9576240181922913,0.3542063236236572
observed,50,8,lift_blue_block_slider,lift_blue_block_slider,3,2.436797618865967,1.7695873975753784,1.6752737760543823,0.6533973813056946,3.799381732940674,2.6048004627227783,1,0,0.02172837220132351,0.6882747411727905,2.6048004627227783,1.3469911813735962,0.32889053225517273
observed,51,8,turn_off_lightbulb,turn_off_lightbulb,3,2.4770925045013428,1.2546584606170654,2.1358418464660645,0.49263113737106323,3.4932987689971924,2.7238433361053467,1,0,0.007114312145859003,0.4114312529563904,2.7238433361053467,1.5800158977508545,0.3228897154331207
observed,52,8,place_in_slider,place_in_slider,3,2.193106174468994,2.1259849071502686,0.5384261012077332,0.5104878544807434,4.828038215637207,3.639893054962158,5,1,0.016401467844843864,0.3708859086036682,3.639893054962158,0.9240919351577759,0.327532023191452
observed,53,8,lift_red_block_table,lift_red_block_table,3,2.4942007064819336,2.2556252479553223,1.0645147562026978,0.4381653368473053,3.85980486869812,3.0065958499908447,5,1,0.02049901895225048,0.6144776344299316,3.0065958499908447,1.5513721704483032,0.31600284576416016
observed,54,8,place_in_slider,place_in_slider,3,1.875648856163025,1.7830431461334229,0.5820791125297546,3.1189284324645996,4.366570949554443,3.1714255809783936,4,1,0.05706125125288963,2.760139226913452,3.1714255809783936,0.860447347164154,0.2819068133831024
observed,55,8,lift_blue_block_slider,lift_blue_block_slider,3,2.2798655033111572,1.0889393091201782,2.0029971599578857,0.463111013174057,2.9080276489257812,2.5348639488220215,1,0,0.009403116069734097,0.16816416382789612,2.5348639488220215,1.79121732711792,0.14201733469963074
observed,56,8,lift_red_block_table,lift_red_block_table,3,4.840148448944092,3.509728193283081,3.3329930305480957,0.3269682228565216,4.55598258972168,3.365746021270752,4,1,0.0225678738206625,0.6565241813659668,3.365746021270752,1.4521031379699707,0.3314521908760071
observed,57,8,place_in_slider,place_in_slider,3,1.7666277885437012,1.379188060760498,1.1039988994598389,0.6131255626678467,3.2983391284942627,2.0934877395629883,1,0,0.01713874749839306,0.2963992953300476,2.0934877395629883,1.5095769166946411,0.21646541357040405
observed,58,8,lift_blue_block_slider,lift_blue_block_slider,3,3.698803424835205,2.470268726348877,2.752983808517456,0.35378924012184143,3.6328659057617188,3.152376174926758,2,1,0.015961671248078346,0.4704524278640747,3.152376174926758,1.193628191947937,0.2452683001756668
observed,59,8,turn_off_lightbulb,turn_off_lightbulb,3,1.7131022214889526,1.3264816999435425,1.0840504169464111,0.5072682499885559,3.325404644012451,2.3341193199157715,1,0,0.019682593643665314,0.36963486671447754,2.3341193199157715,1.58219575881958,0.16915114223957062
observed,60,8,push_pink_block_right,push_pink_block_right,3,1.8153084516525269,1.2351484298706055,1.3303207159042358,0.4486670196056366,2.801013946533203,1.9084335565567017,1,0,0.0665234699845314,0.7221145629882812,1.9084335565567017,1.403686761856079,0.22937385737895966
observed,61,8,turn_on_lightbulb,turn_on_lightbulb,3,2.6800222396850586,2.173671007156372,1.5676969289779663,1.1057348251342773,3.055389165878296,2.267534017562866,1,0,0.030120326206088066,1.0066946744918823,2.267534017562866,1.5991593599319458,0.16442902386188507
observed,62,8,place_in_slider,place_in_slider,3,4.127630233764648,4.034446716308594,0.8721058964729309,1.4384233951568604,4.346408843994141,3.0064306259155273,5,1,0.04462084174156189,0.9306119680404663,3.0064306259155273,1.6169461011886597,0.4205226004123688
observed,63,8,turn_on_lightbulb,turn_on_lightbulb,3,2.9032115936279297,2.3684239387512207,1.679049015045166,0.7656326293945312,3.3821468353271484,2.6093411445617676,2,1,0.03526380658149719,1.1450072526931763,2.6093411445617676,1.5417817831039429,0.2068071812391281
observed,64,8,lift_red_block_table,lift_red_block_table,3,2.1497130393981934,1.6662547588348389,1.3582566976547241,0.729725182056427,3.0269789695739746,2.475739002227783,2,1,0.05854840204119682,0.9034459590911865,2.475739002227783,1.7026129961013794,0.15564288198947906
observed,65,8,place_in_slider,place_in_slider,3,2.3434102535247803,1.5108171701431274,1.7913691997528076,0.9427571296691895,3.8731555938720703,3.0325427055358887,1,0,0.06143252179026604,1.9645278453826904,3.0325427055358887,1.0575586557388306,0.23185740411281586
observed,66,8,lift_blue_block_slider,lift_blue_block_slider,3,2.404959201812744,1.7556294202804565,1.6436525583267212,0.3302355408668518,2.555405855178833,2.115741014480591,1,0,0.010937690734863281,0.24213570356369019,2.115741014480591,1.6596003770828247,0.16121825575828552
observed,67,8,turn_on_lightbulb,turn_on_lightbulb,3,2.392507553100586,1.6681554317474365,1.7150366306304932,0.17929308116436005,3.3949294090270996,2.5437862873077393,2,1,0.025674691423773766,0.2888948619365692,2.5437862873077393,1.6048109531402588,0.2761152386665344
observed,68,8,place_in_slider,place_in_slider,3,3.2220163345336914,2.8806700706481934,1.4433051347732544,1.3108234405517578,4.700961112976074,2.8913066387176514,6,1,0.034071747213602066,1.8193421363830566,2.8913066387176514,1.7569141387939453,0.16589446365833282
observed,69,14,place_in_slider,place_in_slider,3,3.1318562030792236,1.8213611841201782,2.547776699066162,0.34946149587631226,3.8171684741973877,2.7197859287261963,1,0,0.027809523046016693,1.3063108921051025,2.7197859287261963,1.0576746463775635,0.21575815975666046
observed,70,14,turn_off_lightbulb,turn_off_lightbulb,3,3.2466185092926025,2.0514063835144043,2.5163989067077637,0.6194634437561035,4.3277812004089355,3.5117058753967285,5,1,0.055157821625471115,1.145272970199585,3.5117058753967285,2.077486276626587,0.3487582206726074
observed,71,14,turn_on_lightbulb,turn_on_lightbulb,3,4.103785991668701,2.3463075160980225,3.3668830394744873,0.41639673709869385,3.887521266937256,3.174792528152466,3,1,0.017293499782681465,0.6378986239433289,3.174792528152466,2.0938847064971924,0.27992844581604004
observed,72,14,place_in_slider,place_in_slider,3,2.2841873168945312,1.7741236686706543,1.4387480020523071,0.7268298864364624,3.8211052417755127,2.3400299549102783,1,0,0.02231055498123169,0.8713331818580627,2.3400299549102783,1.004955768585205,0.13451020419597626
observed,73,14,lift_red_block_table,lift_red_block_table,3,2.647104024887085,2.5707240104675293,0.631298303604126,0.8296228051185608,3.553239107131958,2.7456583976745605,4,1,0.04835088551044464,0.6088824272155762,2.7456583976745605,1.001205563545227,0.2479044646024704
observed,74,14,place_in_slider,place_in_slider,3,3.3447628021240234,3.120985269546509,1.2028677463531494,0.4308216869831085,4.974298477172852,3.268101453781128,6,1,0.031038230285048485,0.43158042430877686,3.268101453781128,1.599427580833435,0.42829635739326477
observed,75,14,turn_on_lightbulb,turn_on_lightbulb,3,2.315591812133789,1.5230215787887573,1.7442392110824585,0.3184394836425781,3.2525711059570312,2.4198098182678223,1,0,0.015621443279087543,0.28373056650161743,2.4198098182678223,1.8309485912322998,0.16368228197097778
observed,76,14,place_in_slider,place_in_slider,3,2.589318037033081,1.6691062450408936,1.9795584678649902,0.5222204327583313,3.814228057861328,2.5380678176879883,1,0,0.05237346887588501,1.4207099676132202,2.5380678176879883,1.0130218267440796,0.18299467861652374
observed,77,14,turn_off_lightbulb,turn_off_lightbulb,3,3.8227601051330566,1.7118067741394043,3.4180715084075928,0.6238864660263062,4.507784843444824,3.079955577850342,1,0,0.03330562636256218,0.9039681553840637,3.079955577850342,2.8658721446990967,0.478024959564209
observed,78,14,place_in_slider,place_in_slider,3,2.9609105587005615,2.3742763996124268,1.7691247463226318,0.24696588516235352,5.431792259216309,3.9342246055603027,5,1,0.03882930800318718,0.5865556001663208,3.9342246055603027,1.801256775856018,0.3465176820755005
observed,79,14,push_pink_block_right,push_pink_block_right,3,1.7182426452636719,1.43001389503479,0.9525849223136902,0.449538916349411,2.6538376808166504,1.6288557052612305,1,0,0.0066010914742946625,0.16140638291835785,1.6288557052612305,1.0942800045013428,0.1961599439382553
observed,80,14,place_in_slider,place_in_slider,3,2.4880294799804688,2.3077919483184814,0.9297240972518921,1.019649624824524,3.752063751220703,2.756422519683838,1,0,0.03483118489384651,0.7414942979812622,2.756422519683838,1.2966574430465698,0.17384149134159088
observed,81,14,turn_off_lightbulb,turn_off_lightbulb,3,2.9331889152526855,1.4944766759872437,2.5239133834838867,0.7505119442939758,3.6771597862243652,3.1051907539367676,1,0,0.014516628347337246,0.4735652804374695,3.1051907539367676,1.1985450983047485,0.15336854755878448
observed,82,14,lift_red_block_table,lift_red_block_table,3,4.093347549438477,1.5921320915222168,3.7710225582122803,0.5094212293624878,3.747866153717041,3.110598087310791,1,0,0.01626885123550892,0.615386962890625,3.110598087310791,2.660449743270874,0.20395177602767944
observed,83,14,turn_on_lightbulb,turn_on_lightbulb,3,2.6772778034210205,1.2763231992721558,2.353468656539917,0.6665064692497253,3.6857352256774902,2.7666187286376953,2,1,0.016072729602456093,0.4708307683467865,2.7666187286376953,1.0815566778182983,0.35535043478012085
observed,84,14,lift_blue_block_slider,lift_blue_block_slider,3,3.2508881092071533,2.0978004932403564,2.4834463596343994,0.5123197436332703,4.089203834533691,2.928018093109131,1,0,0.028392529115080833,0.7631384134292603,2.928018093109131,1.7056386470794678,0.2543638348579407
observed,85,14,place_in_slider,place_in_slider,3,3.076836109161377,2.6837525367736816,1.5047903060913086,1.3405818939208984,5.376788139343262,3.6374964714050293,6,1,0.06183059141039848,1.2039812803268433,3.6374964714050293,1.3231514692306519,0.2890136241912842
observed,86,14,lift_blue_block_slider,lift_blue_block_slider,3,2.4791066646575928,1.192284345626831,2.173574924468994,0.3860713839530945,3.290628433227539,2.883124589920044,1,0,0.026518821716308594,0.4995098114013672,2.883124589920044,2.114590644836426,0.34289005398750305
observed,87,14,lift_red_block_table,lift_red_block_table,3,2.643050193786621,1.4380747079849243,2.217578649520874,0.29586488008499146,3.1870274543762207,2.6573102474212646,1,0,0.008189546875655651,0.7774370908737183,2.6573102474212646,1.8508732318878174,0.2677466869354248
observed,88,14,turn_off_lightbulb,turn_off_lightbulb,3,1.736341953277588,0.8622710704803467,1.507107138633728,0.4731883108615875,2.573347568511963,1.965865135192871,1,0,0.04770895838737488,1.1755335330963135,1.965865135192871,1.6594398021697998,0.20491018891334534
observed,89,14,lift_red_block_table,lift_red_block_table,3,4.101022243499756,1.1830121278762817,3.9266862869262695,0.6323454976081848,3.975717544555664,3.3361449241638184,4,1,0.018309054896235466,1.057434320449829,3.3361449241638184,1.9864606857299805,0.3783155083656311
observed,90,14,turn_on_lightbulb,turn_on_lightbulb,3,2.282533645629883,1.9088412523269653,1.2515130043029785,0.48313310742378235,2.9969398975372314,2.1200900077819824,1,0,0.029634827747941017,0.4434776306152344,2.1200900077819824,1.399971604347229,0.20319435000419617
observed,91,14,place_in_slider,place_in_slider,3,3.312391757965088,2.8080191612243652,1.75697660446167,0.2535158395767212,3.5285067558288574,2.040724515914917,1,0,0.013550524599850178,0.4375643730163574,2.040724515914917,0.8176804780960083,0.09811744838953018
observed,92,14,push_pink_block_right,push_pink_block_right,3,1.928112506866455,1.0524146556854248,1.6155622005462646,0.13958053290843964,2.2917122840881348,1.9708741903305054,1,0,0.002737385453656316,0.182363361120224,1.9708741903305054,1.424118161201477,0.28284814953804016
observed,93,14,turn_on_lightbulb,turn_on_lightbulb,3,2.6545536518096924,2.2413995265960693,1.4222462177276611,0.253478080034256,3.0130667686462402,2.2235794067382812,1,0,0.009861537255346775,0.21577461063861847,2.2235794067382812,1.442721962928772,0.2626532316207886
observed,94,14,lift_red_block_table,lift_red_block_table,3,2.2053449153900146,1.7665475606918335,1.320172667503357,0.23556622862815857,2.9755587577819824,2.27765154838562,2,1,0.026197874918580055,1.0905425548553467,2.27765154838562,1.4282221794128418,0.16989637911319733
observed,95,14,place_in_slider,place_in_slider,3,2.4163002967834473,2.34230375289917,0.5933972597122192,0.4458949863910675,4.118481636047363,2.9785256385803223,1,0,0.03390716016292572,0.31628912687301636,2.9785256385803223,0.8576290011405945,0.14507029950618744
observed,96,14,turn_off_lightbulb,turn_off_lightbulb,3,4.356966495513916,1.1660634279251099,4.198029041290283,0.5212493538856506,4.009923934936523,3.39160418510437,1,0,0.02859932743012905,0.5903635621070862,3.39160418510437,0.8276703953742981,0.07922785729169846
observed,97,14,lift_red_block_table,lift_red_block_table,3,2.996852397918701,2.8357319831848145,0.9694058299064636,0.6234664916992188,3.1218039989471436,1.9807710647583008,1,0,0.043621744960546494,1.5213595628738403,1.9807710647583008,1.1040250062942505,0.24566465616226196
observed,98,14,place_in_slider,place_in_slider,3,3.2297985553741455,2.9272384643554688,1.3648715019226074,0.3828850984573364,5.117382526397705,3.4325764179229736,6,1,0.025743206962943077,0.40167590975761414,3.4325764179229736,1.4704797267913818,0.19446147978305817
observed,99,14,lift_blue_block_slider,lift_blue_block_slider,3,2.297203302383423,1.1925677061080933,1.9633963108062744,0.2099505364894867,2.8784773349761963,2.5187740325927734,1,0,0.006256525870412588,0.25269973278045654,2.5187740325927734,2.0785648822784424,0.17155121266841888
observed,100,14,lift_red_block_table,lift_red_block_table,3,3.3574109077453613,1.8028203248977661,2.832321882247925,0.28019437193870544,3.5647220611572266,2.664402484893799,1,0,0.014741833321750164,0.37485015392303467,2.664402484893799,2.016249895095825,0.20499026775360107
observed,101,24,lift_red_block_table,lift_red_block_table,3,3.091233015060425,1.6802117824554443,2.5947272777557373,0.4483187198638916,3.2653980255126953,2.5828332901000977,1,0,0.010450131259858608,0.8001288771629333,2.5828332901000977,2.129202127456665,0.22081506252288818
observed,102,24,place_in_slider,place_in_slider,3,2.9509518146514893,2.304090976715088,1.8437137603759766,0.35477837920188904,3.6213717460632324,1.9280993938446045,3,1,0.021635113283991814,0.4451274871826172,1.9280993938446045,0.8958207964897156,0.2640586197376251
observed,103,24,turn_off_lightbulb,turn_off_lightbulb,3,2.0815999507904053,1.4387460947036743,1.5043495893478394,0.7933379411697388,3.153470754623413,2.491924285888672,1,0,0.059829309582710266,1.8769800662994385,2.491924285888672,0.9307392239570618,0.32731324434280396
observed,104,24,lift_red_block_table,lift_red_block_table,3,3.4738306999206543,1.7179087400436401,3.0193192958831787,1.3516807556152344,4.069245338439941,3.187506914138794,1,0,0.20940671861171722,2.074620008468628,3.187506914138794,1.7478517293930054,0.4650280475616455
observed,105,24,turn_on_lightbulb,turn_on_lightbulb,3,2.2586357593536377,1.7884576320648193,1.3794399499893188,1.5821677446365356,3.6980361938476562,2.7825920581817627,3,1,0.04446631297469139,0.94527268409729,2.7825920581817627,2.164661407470703,0.4564717411994934
observed,106,24,lift_blue_block_slider,lift_blue_block_slider,3,2.8088483810424805,1.2153946161270142,2.532280683517456,0.4316848814487457,3.1133944988250732,2.561490535736084,1,0,0.010642063803970814,0.25101104378700256,2.561490535736084,2.045637607574463,0.25353434681892395
observed,107,24,place_in_slider,place_in_slider,3,2.6104133129119873,1.8608715534210205,1.8306866884231567,0.42317113280296326,4.214978218078613,2.6178784370422363,6,1,0.03719130530953407,0.5914466381072998,2.6178784370422363,1.2120413780212402,0.31349635124206543
observed,108,24,push_pink_block_right,push_pink_block_right,3,3.7488837242126465,1.390518307685852,3.4814634323120117,0.8590342998504639,4.229264259338379,3.555609941482544,2,1,0.04798112437129021,0.8491582274436951,3.555609941482544,1.547308325767517,0.3312188684940338
observed,109,24,turn_on_lightbulb,turn_on_lightbulb,3,2.562501907348633,1.5595200061798096,2.0333011150360107,0.4749692976474762,3.3127779960632324,2.7404863834381104,1,0,0.016699375584721565,0.7743045687675476,2.7404863834381104,0.7693665027618408,0.3238992989063263
observed,110,24,turn_off_lightbulb,turn_off_lightbulb,3,2.382647752761841,1.755107045173645,1.6114000082015991,0.9283850789070129,3.528909683227539,2.8820290565490723,2,1,0.05499828979372978,1.0463277101516724,2.8820290565490723,1.6067079305648804,0.1434873640537262
observed,111,24,turn_on_lightbulb,turn_on_lightbulb,3,3.0221359729766846,2.285790205001831,1.976985216140747,0.2974016070365906,3.7026188373565674,2.9967408180236816,2,1,0.013733942061662674,0.2970197796821594,2.9967408180236816,2.133915662765503,0.2056160420179367
observed,112,24,turn_off_lightbulb,turn_off_lightbulb,3,3.1862270832061768,1.196163535118103,2.953173875808716,0.3133851885795593,3.9811153411865234,3.272066116333008,1,0,0.010441203601658344,0.4619385302066803,3.272066116333008,1.4467321634292603,0.2628861665725708
observed,113,24,push_pink_block_right,push_pink_block_right,3,3.4351961612701416,2.501338481903076,2.3545444011688232,2.0288050174713135,5.159897804260254,3.329819917678833,2,1,0.11604704707860947,4.655708312988281,3.329819917678833,1.5767741203308105,0.4855083227157593
observed,114,24,turn_on_lightbulb,turn_on_lightbulb,3,2.4654440879821777,1.4717566967010498,1.9779653549194336,1.0684422254562378,4.009467124938965,3.047290325164795,2,1,0.06900247931480408,1.9940049648284912,3.047290325164795,2.3771634101867676,0.5388824343681335
observed,115,24,lift_red_block_table,lift_red_block_table,3,1.841557502746582,1.6417686939239502,0.8342238068580627,0.6713525056838989,3.2281394004821777,2.163360118865967,2,1,0.026971938088536263,1.4280658960342407,2.163360118865967,1.404129981994629,0.4064275324344635
observed,116,24,place_in_slider,place_in_slider,3,2.4537668228149414,2.329256057739258,0.7717108130455017,0.9297487735748291,2.9444150924682617,1.8856722116470337,1,0,0.02357552945613861,0.6066041588783264,1.8856722116470337,1.39124596118927,0.29760584235191345
observed,117,24,turn_off_lightbulb,turn_off_lightbulb,3,4.138566493988037,1.0812785625457764,3.9948177337646484,0.7480534911155701,3.9066555500030518,3.115121364593506,3,1,0.04917203262448311,0.9651050567626953,3.115121364593506,1.3927403688430786,0.2713615894317627
observed,118,24,turn_on_lightbulb,turn_on_lightbulb,3,2.350674629211426,1.1994796991348267,2.021613121032715,0.6600596308708191,3.256535053253174,2.605865001678467,1,0,0.011989106424152851,0.841225266456604,2.605865001678467,1.339218258857727,0.11282593011856079
observed,119,24,push_pink_block_right,push_pink_block_right,3,2.8944664001464844,2.7788326740264893,0.8099530935287476,1.2193899154663086,3.577317476272583,1.4785999059677124,1,0,0.08007662743330002,1.364720344543457,1.4785999059677124,1.2850261926651,0.3297293782234192
observed,120,24,lift_red_block_table,lift_red_block_table,3,2.2942006587982178,1.1520825624465942,1.9839513301849365,0.36765629053115845,3.168605089187622,2.398287296295166,2,1,0.013243071734905243,0.27320489287376404,2.398287296295166,2.0138723850250244,0.2855776846408844
observed,121,24,place_in_slider,place_in_slider,3,2.3140928745269775,1.7394708395004272,1.526193380355835,0.4267406761646271,3.414182662963867,2.415748119354248,1,0,0.04413406178355217,1.5937774181365967,2.415748119354248,1.066734790802002,0.21082082390785217
observed,122,24,turn_on_lightbulb,turn_on_lightbulb,3,2.2454190254211426,1.610055685043335,1.5651286840438843,0.6671684980392456,3.658080577850342,2.6029791831970215,2,1,0.021269211545586586,0.8438312411308289,2.6029791831970215,1.960536241531372,0.32226893305778503
observed,123,24,push_pink_block_right,push_pink_block_right,3,3.107635736465454,1.597556233406067,2.665560722351074,0.576579213142395,4.329118251800537,3.5411369800567627,5,1,0.05664357542991638,1.3743607997894287,3.5411369800567627,2.38775634765625,0.609599232673645
observed,124,24,place_in_slider,place_in_slider,3,2.686882495880127,2.5963313579559326,0.691665530204773,1.393990397453308,4.1763811111450195,3.2476577758789062,1,0,0.027952617034316063,0.41626590490341187,3.2476577758789062,0.9819164276123047,0.16096238791942596
observed,125,24,lift_blue_block_slider,lift_blue_block_slider,3,3.2955853939056396,2.02138614654541,2.602860450744629,0.3591248691082001,4.984327793121338,3.511354446411133,1,0,0.09417349100112915,1.5457653999328613,3.511354446411133,1.8836355209350586,0.3441230058670044
observed,126,24,place_in_slider,place_in_slider,3,2.6834893226623535,2.558359146118164,0.8098849058151245,1.3200055360794067,4.784583568572998,3.092940330505371,1,0,0.02833167277276516,0.44858866930007935,3.092940330505371,1.1567789316177368,0.28818172216415405
observed,127,24,turn_off_lightbulb,turn_off_lightbulb,3,3.7351839542388916,2.7883684635162354,2.485276699066162,0.41704481840133667,4.539777755737305,3.1345858573913574,2,1,0.03866714611649513,1.3071835041046143,3.1345858573913574,1.5911506414413452,0.24894608557224274
observed,128,24,place_in_slider,place_in_slider,3,2.486268997192383,2.301969528198242,0.9393988251686096,0.8819922208786011,4.593293190002441,3.2730140686035156,5,1,0.029431574046611786,0.7089211940765381,3.2730140686035156,1.2190666198730469,0.21848760545253754
observed,129,24,lift_blue_block_slider,lift_blue_block_slider,3,3.4954607486724854,2.062185287475586,2.8223462104797363,0.41469788551330566,3.785053253173828,3.3707168102264404,1,0,0.013426191173493862,0.7805094718933105,3.3707168102264404,1.0585469007492065,0.16868090629577637
observed,130,24,turn_on_lightbulb,turn_on_lightbulb,3,2.304109573364258,2.106895685195923,0.9326909184455872,0.6203306913375854,3.0802528858184814,2.1314425468444824,1,0,0.013571442104876041,0.42874813079833984,2.1314425468444824,1.0121045112609863,0.22100481390953064
observed,131,24,lift_red_block_table,lift_red_block_table,3,2.1654577255249023,1.3609782457351685,1.6843234300613403,0.41787368059158325,3.0549044609069824,2.295261859893799,1,0,0.021066121757030487,0.3545823097229004,2.295261859893799,1.5192315578460693,0.20748476684093475
observed,132,24,turn_off_lightbulb,turn_off_lightbulb,3,3.580803394317627,0.9152938723564148,3.4618475437164307,0.32300397753715515,4.073359489440918,3.4554507732391357,1,0,0.05763821303844452,0.8680816292762756,3.4554507732391357,0.7493751049041748,0.22525210678577423
observed,133,26,turn_on_lightbulb,turn_on_lightbulb,3,4.336190700531006,1.0130290985107422,4.216197967529297,1.2326607704162598,3.788433790206909,3.0779240131378174,3,1,0.043491560965776443,1.2689961194992065,3.0779240131378174,1.8182501792907715,0.23906101286411285
observed,134,26,place_in_slider,place_in_slider,3,3.188878059387207,3.0270509719848633,1.0029476881027222,1.320083498954773,4.125880718231201,2.946005344390869,4,1,0.02797156386077404,0.5455383658409119,2.946005344390869,1.3942911624908447,0.09921801090240479
observed,135,26,lift_red_block_table,lift_red_block_table,3,4.551246643066406,3.0407395362854004,3.386406421661377,0.4479576051235199,4.506614685058594,3.487973690032959,3,1,0.01890834979712963,1.0567331314086914,3.487973690032959,2.4129116535186768,0.37023264169692993
observed,136,26,lift_blue_block_slider,lift_blue_block_slider,3,2.0458998680114746,1.4381403923034668,1.4551489353179932,0.7201491594314575,3.64546275138855,2.644279718399048,1,0,0.022171279415488243,0.4539868235588074,2.644279718399048,1.7730109691619873,0.2646557092666626
observed,137,26,turn_on_lightbulb,turn_on_lightbulb,3,2.6919076442718506,1.8283045291900635,1.975770354270935,0.38506215810775757,3.9137344360351562,3.0430338382720947,4,1,0.04240468144416809,0.7099422216415405,3.0430338382720947,1.4619601964950562,0.3347865641117096
observed,138,26,place_in_slider,place_in_slider,3,2.1682329177856445,2.1255836486816406,0.4279344379901886,1.2199621200561523,4.3689703941345215,3.2454066276550293,2,1,0.02035432495176792,0.3118109107017517,3.2454066276550293,1.0796856880187988,0.2530258297920227
observed,139,26,turn_off_lightbulb,turn_off_lightbulb,3,2.787055492401123,1.490316390991211,2.3551297187805176,0.6579616069793701,4.053143501281738,3.1046767234802246,2,1,0.040243007242679596,1.1679530143737793,3.1046767234802246,1.3955788612365723,0.32967016100883484
observed,140,26,lift_blue_block_slider,lift_blue_block_slider,3,1.9583808183670044,1.4113843441009521,1.3576632738113403,0.35442349314689636,3.821932554244995,2.5562021732330322,1,0,0.01799018494784832,1.0138148069381714,2.5562021732330322,2.2990434169769287,0.4538053274154663
observed,141,26,turn_on_lightbulb,turn_on_lightbulb,3,3.751823663711548,1.4015558958053589,3.4802043437957764,0.6379708051681519,3.7746517658233643,3.14581561088562,1,0,0.032520804554224014,0.9541822671890259,3.14581561088562,1.9249049425125122,0.2056134045124054
observed,142,26,lift_blue_block_slider,lift_blue_block_slider,3,4.025656700134277,1.3687036037445068,3.785837411880493,0.2635968029499054,4.515929222106934,3.3810954093933105,1,0,0.0149909732863307,0.8937453627586365,3.3810954093933105,2.090131998062134,0.5516201257705688
observed,143,26,push_pink_block_right,push_pink_block_right,3,2.72057843208313,2.4485206604003906,1.1858724355697632,0.4511665105819702,3.320202589035034,2.0416858196258545,1,0,0.04246273636817932,0.4260118007659912,2.0416858196258545,1.3571157455444336,0.05349016934633255
observed,144,26,place_in_slider,place_in_slider,3,2.6027233600616455,2.5147221088409424,0.6710744500160217,0.9580153226852417,4.691869258880615,3.4492335319519043,4,1,0.03664528951048851,0.8403213024139404,3.4492335319519043,1.2462847232818604,0.1753138303756714
observed,145,26,turn_off_lightbulb,turn_off_lightbulb,3,3.969912528991699,1.3809312582015991,3.7219936847686768,0.4908253252506256,3.9572410583496094,3.312054395675659,1,0,0.026397177949547768,0.7584421038627625,3.312054395675659,0.7803056240081787,0.26093414425849915
observed,146,26,lift_blue_block_slider,lift_blue_block_slider,3,4.670380592346191,1.6537885665893555,4.367772579193115,0.3714098632335663,3.8242805004119873,3.1175456047058105,1,0,0.007997777312994003,0.6936381459236145,3.1175456047058105,2.018998146057129,0.1275327205657959
observed,147,26,turn_on_lightbulb,turn_on_lightbulb,3,2.974177837371826,2.7894065380096436,1.0319619178771973,0.48299628496170044,4.5243120193481445,2.845249652862549,4,1,0.058151837438344955,1.194563388824463,2.845249652862549,1.1671003103256226,0.23650318384170532
observed,148,26,place_in_slider,place_in_slider,3,3.05826997756958,2.9501147270202637,0.8061253428459167,1.5533864498138428,4.459140777587891,3.1528139114379883,5,1,0.08334571123123169,2.8822474479675293,3.1528139114379883,1.0640599727630615,0.1789994090795517
observed,149,26,turn_off_lightbulb,turn_off_lightbulb,3,2.94623064994812,1.823269009590149,2.314295768737793,0.8375394344329834,4.432669639587402,3.5135560035705566,1,0,0.04723629727959633,0.9845062494277954,3.5135560035705566,1.2951639890670776,0.15904496610164642
observed,150,30,place_in_slider,place_in_slider,3,3.689603328704834,2.6229441165924072,2.594867706298828,0.6769154071807861,3.9803569316864014,2.1123297214508057,4,1,0.024195916950702667,1.0252466201782227,2.1123297214508057,1.2842872142791748,0.22234120965003967
observed,151,30,push_pink_block_right,push_pink_block_right,3,2.792658805847168,1.709776759147644,2.2080776691436768,0.18453286588191986,2.600980043411255,2.1331982612609863,1,0,0.011467323638498783,0.3105015754699707,2.1331982612609863,1.7744498252868652,0.30144065618515015
observed,152,30,place_in_slider,place_in_slider,3,2.7043774127960205,2.1934256553649902,1.5819423198699951,1.642382264137268,3.6556334495544434,2.7772936820983887,1,0,0.035459235310554504,0.8090044856071472,2.7772936820983887,1.060927391052246,0.300285279750824
observed,153,30,lift_blue_block_slider,lift_blue_block_slider,3,2.49334716796875,1.317296028137207,2.1169581413269043,0.40567922592163086,2.8340916633605957,2.463001251220703,1,0,0.010589603334665298,0.206704780459404,2.463001251220703,2.0424256324768066,0.1404230147600174
observed,154,30,lift_red_block_table,lift_red_block_table,3,2.7775161266326904,2.504472255706787,1.2009222507476807,0.5792126059532166,3.77935791015625,2.909639358520508,3,1,0.02828855812549591,1.234760046005249,2.909639358520508,1.6841505765914917,0.28092679381370544
observed,155,30,place_in_slider,place_in_slider,3,2.5221357345581055,2.1242902278900146,1.3596173524856567,0.5435986518859863,3.708153486251831,2.7709784507751465,1,0,0.10681513696908951,2.1394245624542236,2.7709784507751465,1.2603824138641357,0.2842923104763031
observed,156,30,push_pink_block_right,push_pink_block_right,3,2.8860068321228027,2.170795440673828,1.9017575979232788,0.16992945969104767,6.122500419616699,4.0733747482299805,6,1,0.020429106429219246,1.9493545293807983,4.0733747482299805,2.7227795124053955,0.4894547164440155
observed,157,30,turn_on_lightbulb,turn_on_lightbulb,3,2.131225824356079,1.6504241228103638,1.3484151363372803,0.3253493905067444,2.811143636703491,2.0868098735809326,1,0,0.012995663098990917,0.938754141330719,2.0868098735809326,0.9663783311843872,0.09536149352788925
observed,158,30,turn_off_lightbulb,turn_off_lightbulb,3,3.5353481769561768,1.521518588066101,3.19118595123291,0.6000035405158997,4.035750389099121,3.4075722694396973,3,1,0.023477500304579735,0.7877525091171265,3.4075722694396973,0.8732266426086426,0.07216081023216248
observed,159,30,lift_blue_block_slider,lift_blue_block_slider,3,3.5240182876586914,1.355351448059082,3.2529566287994385,0.4772934317588806,3.9995663166046143,3.4574203491210938,1,0,0.02543189935386181,0.9203230142593384,3.4574203491210938,0.8830506205558777,0.17500174045562744
observed,160,30,turn_off_lightbulb,turn_off_lightbulb,3,2.9781060218811035,1.909240961074829,2.285588264465332,0.4422571659088135,3.854886531829834,3.0632288455963135,1,0,0.043701719492673874,0.7470446825027466,3.0632288455963135,1.1787891387939453,0.2849874198436737
observed,161,30,lift_blue_block_slider,lift_blue_block_slider,3,2.7176079750061035,2.1933751106262207,1.6045243740081787,0.4772162139415741,3.2866477966308594,2.2527284622192383,1,0,0.02173268236219883,0.4675213694572449,2.2527284622192383,1.6470879316329956,0.455243319272995
observed,162,30,turn_on_lightbulb,turn_on_lightbulb,3,2.325951337814331,1.7932127714157104,1.4813635349273682,0.7151731848716736,2.9927799701690674,2.2167749404907227,1,0,0.03821699321269989,1.3313056230545044,2.2167749404907227,1.4578406810760498,0.1910223811864853
observed,163,30,turn_off_lightbulb,turn_off_lightbulb,3,2.1551244258880615,1.3947304487228394,1.6429510116577148,0.31528913974761963,3.4323768615722656,2.704655885696411,2,1,0.042239878326654434,1.0061390399932861,2.704655885696411,1.7193498611450195,0.08500666171312332
observed,0,0,lift_red_block_table,lift_red_block_table,4,3.5946133136749268,3.5485923290252686,0.5733568072319031,0.5879465937614441,3.872929334640503,2.8024935722351074,4,1,0.0677899420261383,0.550989031791687,2.8024935722351074,1.2939486503601074,0.1514691859483719
observed,1,0,place_in_slider,place_in_slider,4,2.9243056774139404,2.4093170166015625,1.6573339700698853,0.9898093342781067,4.8275299072265625,2.4741435050964355,6,1,0.08846667408943176,1.3193342685699463,2.4741435050964355,1.5966670513153076,0.23522721230983734
observed,2,0,turn_on_lightbulb,turn_on_lightbulb,4,2.2483134269714355,2.190377712249756,0.5071079134941101,0.7076182961463928,3.5826492309570312,1.9953978061676025,1,0,0.03432682529091835,0.7135437726974487,1.9953978061676025,1.3490405082702637,0.5164014101028442
observed,3,0,turn_off_lightbulb,turn_off_lightbulb,4,1.7320771217346191,1.5703577995300293,0.7307993173599243,0.3300926387310028,2.026664972305298,1.4625401496887207,1,0,0.007795007899403572,0.11871103942394257,1.4625401496887207,0.8689745664596558,0.16812875866889954
observed,4,0,push_pink_block_right,push_pink_block_right,4,2.7330238819122314,1.9573533535003662,1.9074033498764038,0.5184563994407654,3.964890241622925,1.044111967086792,2,1,0.03244553506374359,0.5489310026168823,1.044111967086792,1.8122302293777466,0.47891512513160706
observed,5,0,lift_blue_block_slider,lift_blue_block_slider,4,2.6876070499420166,2.4382741451263428,1.1305087804794312,0.4222279191017151,3.061476230621338,2.3124728202819824,1,0,0.032842159271240234,0.5643115043640137,2.3124728202819824,0.9760552644729614,0.0924815833568573
observed,6,0,place_in_slider,place_in_slider,4,3.077810525894165,2.785242795944214,1.3097100257873535,1.0556836128234863,4.650930881500244,2.497558355331421,6,1,0.05322354659438133,2.3179566860198975,2.497558355331421,1.2838075160980225,0.13516023755073547
observed,7,0,lift_red_block_table,lift_red_block_table,4,4.326460838317871,3.65397572517395,2.316619396209717,0.48321181535720825,3.862126111984253,2.894566059112549,2,1,0.04378306493163109,0.49810129404067993,2.894566059112549,1.239966869354248,0.15958325564861298
observed,8,0,lift_blue_block_slider,lift_blue_block_slider,4,4.138898849487305,2.3632941246032715,3.397840738296509,0.4694015681743622,3.7015833854675293,3.1636013984680176,1,0,0.019273297861218452,0.885672390460968,3.1636013984680176,1.748677134513855,0.23197834193706512
observed,9,0,turn_on_lightbulb,turn_on_lightbulb,4,1.97197425365448,1.5118523836135864,1.2660902738571167,0.28265616297721863,3.181884288787842,2.7331063747406006,4,1,0.01363365352153778,0.2750341296195984,2.7331063747406006,1.5845801830291748,0.13314682245254517
observed,10,0,turn_off_lightbulb,turn_off_lightbulb,4,1.9519821405410767,1.6048485040664673,1.111168384552002,0.2464951127767563,2.730187177658081,2.08134126663208,1,0,0.013619516976177692,0.27446448802948,2.08134126663208,1.6575360298156738,0.19241487979888916
observed,11,0,lift_red_block_table,lift_red_block_table,4,2.97225284576416,2.6339733600616455,1.3771240711212158,0.8773780465126038,3.1656386852264404,2.177359104156494,2,1,0.06326327472925186,0.5705912709236145,2.177359104156494,0.7729403376579285,0.24681271612644196
observed,12,0,lift_blue_block_slider,lift_blue_block_slider,4,3.024536609649658,2.199537515640259,2.076019525527954,0.659913182258606,4.4487504959106445,3.0590739250183105,2,1,0.03178706020116806,1.2505099773406982,3.0590739250183105,2.7134666442871094,0.4675818383693695
observed,13,0,turn_off_lightbulb,turn_off_lightbulb,4,2.9420955181121826,2.0502614974975586,2.110059976577759,0.7459150552749634,3.841571807861328,2.3778700828552246,1,0,0.027376025915145874,0.6270923614501953,2.3778700828552246,1.2144620418548584,0.21286097168922424
observed,14,0,lift_blue_block_slider,lift_blue_block_slider,4,2.8324429988861084,1.9791415929794312,2.0262603759765625,0.44706296920776367,3.448073625564575,2.7487571239471436,2,1,0.018216753378510475,0.6038339734077454,2.7487571239471436,1.5762364864349365,0.16503553092479706
observed,15,0,turn_on_lightbulb,turn_on_lightbulb,4,3.117584466934204,2.779238700866699,1.4125030040740967,0.5175113081932068,3.3678805828094482,2.5892536640167236,2,1,0.018888508901000023,0.39995843172073364,2.5892536640167236,1.3896210193634033,0.1433446705341339
observed,16,0,push_pink_block_right,push_pink_block_right,4,2.4615468978881836,2.32416033744812,0.8108587265014648,0.16456502676010132,2.3869144916534424,1.2290518283843994,1,0,0.008787405677139759,0.20306804776191711,1.2290518283843994,0.8746610879898071,0.17929589748382568
observed,17,0,turn_off_lightbulb,turn_off_lightbulb,4,1.2931296825408936,1.1645712852478027,0.5621013045310974,0.4300137460231781,2.4151713848114014,1.5315433740615845,1,0,0.027334854006767273,0.9422271251678467,1.5315433740615845,0.9489630460739136,0.1810629516839981
observed,18,0,turn_on_lightbulb,turn_on_lightbulb,4,2.96667218208313,2.8481500148773193,0.8301714658737183,0.25279584527015686,3.069112539291382,1.860685110092163,1,0,0.019110290333628654,0.4424556791782379,1.860685110092163,1.0281040668487549,0.15244019031524658
observed,19,0,lift_blue_block_slider,lift_blue_block_slider,4,1.8689906597137451,1.649552583694458,0.8786935210227966,0.5917571187019348,2.9824700355529785,2.2550277709960938,1,0,0.026064248755574226,0.7040534615516663,2.2550277709960938,1.0572677850723267,0.3649216294288635
observed,20,0,turn_off_lightbulb,turn_off_lightbulb,4,1.506975769996643,1.2223825454711914,0.8813380002975464,0.4183460474014282,3.1164374351501465,1.9341453313827515,1,0,0.026698658242821693,0.8094696402549744,1.9341453313827515,0.9270744919776917,0.19017457962036133
observed,21,0,turn_on_lightbulb,turn_on_lightbulb,4,2.8398115634918213,2.572139263153076,1.2035901546478271,0.3924091160297394,2.7612690925598145,2.095407485961914,1,0,0.00828352477401495,0.20067846775054932,2.095407485961914,1.3611327409744263,0.1509876847267151
observed,22,0,turn_off_lightbulb,turn_off_lightbulb,4,1.081763744354248,0.8486408591270447,0.6708363890647888,0.4194561839103699,2.4214539527893066,1.6580638885498047,1,0,0.009461662732064724,0.5409921407699585,1.6580638885498047,1.0955554246902466,0.16441038250923157
observed,23,0,push_pink_block_right,push_pink_block_right,4,3.064023971557617,2.7073464393615723,1.4347538948059082,2.395533561706543,4.183126449584961,2.9075939655303955,5,1,0.06942689418792725,1.055239200592041,2.9075939655303955,1.525180697441101,0.4568520784378052
observed,24,0,lift_red_block_table,lift_red_block_table,4,2.176955223083496,1.939766526222229,0.9881500005722046,0.5420112609863281,2.8709208965301514,2.154597759246826,1,0,0.06976340711116791,0.6608337163925171,2.154597759246826,0.9442805647850037,0.3374631106853485
observed,25,8,lift_red_block_table,lift_red_block_table,4,3.5074689388275146,2.468721628189087,2.4915359020233154,0.4396436810493469,3.9997718334198,2.8652853965759277,2,1,0.06936674565076828,0.7782484292984009,2.8652853965759277,0.5550702214241028,0.22698518633842468
observed,26,8,turn_on_lightbulb,turn_on_lightbulb,4,2.5300509929656982,2.4637463092803955,0.5754229426383972,1.125982403755188,2.5861401557922363,1.5383986234664917,1,0,0.016276227310299873,0.2408929467201233,1.5383986234664917,1.0286310911178589,0.18807587027549744
observed,27,8,turn_off_lightbulb,turn_off_lightbulb,4,1.9152549505233765,1.5100775957107544,1.1780776977539062,0.24483712017536163,3.681269407272339,2.5626754760742188,2,1,0.02524944581091404,1.0030816793441772,2.5626754760742188,1.1648948192596436,0.10210555791854858
observed,28,8,turn_on_lightbulb,turn_on_lightbulb,4,2.3785598278045654,2.234358787536621,0.8155900239944458,0.6065840721130371,2.213754177093506,1.5230567455291748,1,0,0.008518260903656483,0.18913055956363678,1.5230567455291748,0.9785569906234741,0.09527995437383652
observed,29,8,turn_off_lightbulb,turn_off_lightbulb,4,2.1368870735168457,1.6645609140396118,1.3399715423583984,0.34394580125808716,3.37724232673645,2.7782864570617676,1,0,0.04882924258708954,0.7358222007751465,2.7782864570617676,1.0111216306686401,0.16265371441841125
observed,30,8,place_in_slider,place_in_slider,4,3.042471408843994,2.619035243988037,1.5483174324035645,0.4501641094684601,4.076343059539795,2.9773688316345215,1,0,0.024207837879657745,0.5913851857185364,2.9773688316345215,1.159881591796875,0.15878690779209137
observed,31,8,turn_on_lightbulb,turn_on_lightbulb,4,2.2850794792175293,1.9271608591079712,1.2278597354888916,0.2982282042503357,2.9087977409362793,1.9460111856460571,1,0,0.013225129805505276,0.3287661075592041,1.9460111856460571,1.6209721565246582,0.24398671090602875
observed,32,8,lift_blue_block_slider,lift_blue_block_slider,4,3.4171159267425537,2.9701621532440186,1.6896206140518188,0.5309173464775085,3.3645119667053223,2.5260300636291504,1,0,0.013717363588511944,0.38869941234588623,2.5260300636291504,0.9879710078239441,0.28098174929618835
observed,33,8,place_in_slider,place_in_slider,4,2.6389732360839844,2.2774178981781006,1.3332470655441284,1.1644099950790405,5.572649955749512,3.840689182281494,6,1,0.05262741819024086,0.8740949630737305,3.840689182281494,1.2842702865600586,0.20629338920116425
observed,34,8,turn_off_lightbulb,turn_off_lightbulb,4,2.066143274307251,1.8310019969940186,0.9572768807411194,0.46331068873405457,2.739501953125,2.186133623123169,1,0,0.0170778539031744,0.2487618327140808,2.186133623123169,1.1854509115219116,0.13315941393375397
observed,35,8,lift_blue_block_slider,lift_blue_block_slider,4,4.447171688079834,2.153904438018799,3.8907623291015625,0.4673612415790558,3.710480213165283,2.9784722328186035,1,0,0.0564814917743206,1.0655198097229004,2.9784722328186035,2.6850955486297607,0.1744597852230072
observed,36,8,lift_red_block_table,lift_red_block_table,4,3.1651315689086914,2.671194076538086,1.6978752613067627,0.37093880772590637,3.5855109691619873,2.480220317840576,1,0,0.027652209624648094,0.6103785037994385,2.480220317840576,1.742477297782898,0.30509212613105774
observed,37,8,turn_on_lightbulb,turn_on_lightbulb,4,2.278904676437378,2.054455518722534,0.9862150549888611,0.4140297472476959,2.7818593978881836,1.8109664916992188,1,0,0.00979912281036377,0.21533505618572235,1.8109664916992188,1.3961453437805176,0.1864350140094757
observed,38,8,turn_off_lightbulb,turn_off_lightbulb,4,2.702075481414795,2.584368944168091,0.7888275980949402,0.24948842823505402,2.508084297180176,1.849112868309021,1,0,0.008832277730107307,0.15532362461090088,1.849112868309021,0.8950372934341431,0.17196471989154816
observed,39,8,lift_red_block_table,lift_red_block_table,4,1.983350396156311,1.8554824590682983,0.700616717338562,0.8360806107521057,3.1416175365448,2.114788293838501,2,1,0.11976353079080582,0.9404765367507935,2.114788293838501,0.47500839829444885,0.33878254890441895
observed,40,8,lift_blue_block_slider,lift_blue_block_slider,4,3.0797858238220215,2.627211093902588,1.6071224212646484,0.46296173334121704,3.3909084796905518,2.3688108921051025,1,0,0.03727276623249054,0.5679195523262024,2.3688108921051025,1.8942680358886719,0.20756468176841736
observed,41,8,lift_red_block_table,lift_red_block_table,4,2.9407432079315186,2.7017271518707275,1.161309838294983,0.6528300642967224,3.181104898452759,2.169999122619629,2,1,0.01846489869058132,0.3629230558872223,2.169999122619629,0.874475359916687,0.20895302295684814
observed,42,8,place_in_slider,place_in_slider,4,3.041297435760498,2.7276387214660645,1.345167875289917,1.0595918893814087,5.090476989746094,3.6507925987243652,6,1,0.04690100625157356,0.6038939952850342,3.6507925987243652,1.1678553819656372,0.18343524634838104
observed,43,8,lift_red_block_table,lift_red_block_table,4,3.7654101848602295,3.6478586196899414,0.9335095882415771,0.48186349868774414,3.833805561065674,2.8265957832336426,2,1,0.026134734973311424,0.7944083213806152,2.8265957832336426,0.8443672060966492,0.18284957110881805
observed,44,8,turn_on_lightbulb,turn_on_lightbulb,4,2.296816825866699,2.237879514694214,0.5169749855995178,0.5601499676704407,2.073014736175537,1.2608100175857544,1,0,0.010624553076922894,0.36147576570510864,1.2608100175857544,0.6062458157539368,0.13340379297733307
observed,45,8,lift_red_block_table,lift_red_block_table,4,2.42260479927063,1.6909868717193604,1.7348134517669678,0.4312310218811035,4.3004374504089355,2.671006917953491,6,1,0.06222354993224144,0.5806447863578796,2.671006917953491,2.278472661972046,0.4489636719226837
observed,46,8,place_in_slider,place_in_slider,4,4.242649078369141,3.5873169898986816,2.265221357345581,0.9410977363586426,4.464328289031982,2.5598814487457275,6,1,0.02689882181584835,1.3408311605453491,2.5598814487457275,1.5236608982086182,0.19493645429611206
observed,47,8,lift_blue_block_slider,lift_blue_block_slider,4,3.4794154167175293,3.0136489868164062,1.7390367984771729,0.3813035190105438,4.209494113922119,3.2772819995880127,1,0,0.03129592910408974,0.5842115879058838,3.2772819995880127,2.0509884357452393,0.32961368560791016
observed,48,8,place_in_slider,place_in_slider,4,3.1696527004241943,2.7271010875701904,1.615431547164917,1.0030503273010254,5.690675735473633,3.828662157058716,6,1,0.06501970440149307,0.8267197608947754,3.828662157058716,1.2904534339904785,0.41284406185150146
observed,49,8,push_pink_block_right,push_pink_block_right,4,2.7600178718566895,2.491234302520752,1.188044786453247,0.15677136182785034,3.3578524589538574,1.494002103805542,1,0,0.015470393002033234,0.4374123513698578,1.494002103805542,1.3082399368286133,0.21946126222610474
observed,50,8,lift_blue_block_slider,lift_blue_block_slider,4,3.1526520252227783,2.763401985168457,1.5175060033798218,0.5260857343673706,3.6052322387695312,2.7442755699157715,1,0,0.01345785241574049,0.38992732763290405,2.7442755699157715,1.8001444339752197,0.2562476396560669
observed,51,8,turn_off_lightbulb,turn_off_lightbulb,4,2.622880458831787,2.36429762840271,1.1356048583984375,0.7944705486297607,3.0657448768615723,1.7556861639022827,1,0,0.026236509904265404,0.8851651549339294,1.7556861639022827,1.7402018308639526,0.25629138946533203
observed,52,8,place_in_slider,place_in_slider,4,2.366680145263672,2.023803472518921,1.2269450426101685,0.7280247807502747,5.612460136413574,3.8678886890411377,6,1,0.06963267922401428,0.7898862361907959,3.8678886890411377,1.3549693822860718,0.2463521808385849
observed,53,8,lift_red_block_table,lift_red_block_table,4,3.1767892837524414,3.0569629669189453,0.8642717599868774,0.8075242638587952,3.802398204803467,2.8780226707458496,4,1,0.054803695529699326,0.5245681405067444,2.8780226707458496,1.603587031364441,0.1637253761291504
observed,54,8,place_in_slider,place_in_slider,4,1.9234123229980469,1.475452184677124,1.2339189052581787,1.5411415100097656,5.415735244750977,3.6269888877868652,6,1,0.0754014179110527,1.0045400857925415,3.6269888877868652,0.9358201026916504,0.19455036520957947
observed,55,8,lift_blue_block_slider,lift_blue_block_slider,4,1.935847520828247,1.505107045173645,1.2174392938613892,0.6393802762031555,2.898406982421875,2.2954037189483643,1,0,0.016567640006542206,0.27951663732528687,2.2954037189483643,0.6977068781852722,0.08138307929039001
observed,56,8,lift_red_block_table,lift_red_block_table,4,3.921654224395752,3.840857744216919,0.7919497489929199,0.5472524166107178,5.0011091232299805,2.6787402629852295,3,1,0.030132045969367027,1.7355990409851074,2.6787402629852295,1.1646097898483276,0.3573240339756012
observed,57,8,place_in_slider,place_in_slider,4,2.4245643615722656,2.2568390369415283,0.8861091136932373,1.306828498840332,3.8712971210479736,2.8702471256256104,1,0,0.030953019857406616,0.9592593908309937,2.8702471256256104,1.2989169359207153,0.22456078231334686
observed,58,8,lift_blue_block_slider,lift_blue_block_slider,4,4.032729625701904,3.8173811435699463,1.3001954555511475,0.4613683223724365,3.5225048065185547,2.7795486450195312,1,0,0.011722519062459469,0.6622000932693481,2.7795486450195312,1.411977767944336,0.3486306071281433
observed,59,8,turn_off_lightbulb,turn_off_lightbulb,4,2.5160257816314697,1.1795955896377563,2.22237229347229,0.48614466190338135,3.8810184001922607,3.296916961669922,2,1,0.02396094985306263,0.4523307681083679,3.296916961669922,1.9933220148086548,0.2653633654117584
observed,60,8,push_pink_block_right,push_pink_block_right,4,2.864257335662842,2.6891043186187744,0.9862496256828308,0.43445271253585815,3.236936569213867,1.4485794305801392,2,1,0.03445642814040184,0.32139426469802856,1.4485794305801392,1.2181847095489502,0.39242038130760193
observed,61,8,turn_on_lightbulb,turn_on_lightbulb,4,2.630962610244751,2.495800256729126,0.8324331045150757,0.5659030675888062,2.478098154067993,1.6988004446029663,1,0,0.018836161121726036,0.21000567078590393,1.6988004446029663,0.9587377309799194,0.1130601316690445
observed,62,8,place_in_slider,place_in_slider,4,4.266383647918701,2.797412157058716,3.221259832382202,1.0734657049179077,5.248815059661865,3.1684911251068115,6,1,0.06463573127985,0.987790584564209,3.1684911251068115,1.8273264169692993,0.3902377188205719
observed,63,8,turn_on_lightbulb,turn_on_lightbulb,4,2.9885458946228027,2.6899943351745605,1.3020514249801636,0.30658429861068726,3.5807151794433594,2.8162126541137695,4,1,0.044469207525253296,0.4734519422054291,2.8162126541137695,1.508170247077942,0.20546282827854156
observed,64,8,lift_red_block_table,lift_red_block_table,4,2.5714683532714844,2.442234516143799,0.804947018623352,0.7602031230926514,3.4390902519226074,2.412623405456543,2,1,0.04852132871747017,1.215608835220337,2.412623405456543,1.4595046043395996,0.22569361329078674
observed,65,8,place_in_slider,place_in_slider,4,2.593583345413208,1.8631161451339722,1.8042927980422974,0.43415626883506775,5.3354268074035645,3.7255492210388184,6,1,0.03445565328001976,0.9924015998840332,3.7255492210388184,1.7129040956497192,0.1715128868818283
observed,66,8,lift_blue_block_slider,lift_blue_block_slider,4,2.4649131298065186,2.2214646339416504,1.0681252479553223,0.48552578687667847,2.886904239654541,2.208872079849243,1,0,0.016075395047664642,0.46452751755714417,2.208872079849243,0.9144613146781921,0.1600484699010849
observed,67,8,turn_on_lightbulb,turn_on_lightbulb,4,3.150655746459961,2.4553372859954834,1.9743226766586304,0.31611546874046326,3.4314396381378174,2.759721517562866,1,0,0.020862728357315063,0.698522686958313,2.759721517562866,2.1511309146881104,0.1953262835741043
observed,68,8,place_in_slider,place_in_slider,4,3.3150315284729004,2.694234609603882,1.9314589500427246,1.6399837732315063,4.863423824310303,2.9095356464385986,6,1,0.08881103992462158,2.141686201095581,2.9095356464385986,1.9555037021636963,0.11636560410261154
observed,69,14,place_in_slider,place_in_slider,4,3.2859349250793457,3.134042501449585,0.9874955415725708,1.313683032989502,4.5370588302612305,3.2430806159973145,4,1,0.0368405245244503,1.3477609157562256,3.2430806159973145,1.0857908725738525,0.24251669645309448
observed,70,14,turn_off_lightbulb,turn_off_lightbulb,4,1.9543479681015015,1.3045893907546997,1.4551711082458496,0.25756582617759705,3.2974255084991455,2.4004335403442383,1,0,0.03973686695098877,0.6165408492088318,2.4004335403442383,1.5328456163406372,0.2582661509513855
observed,71,14,turn_on_lightbulb,turn_on_lightbulb,4,3.711879253387451,3.6558730602264404,0.6423704624176025,1.4082881212234497,3.8205628395080566,1.7306089401245117,2,1,0.028041331097483635,0.7302761673927307,1.7306089401245117,1.149060845375061,0.2378847301006317
observed,72,14,place_in_slider,place_in_slider,4,2.5118017196655273,2.4109954833984375,0.7044488787651062,0.4496648609638214,4.316829204559326,3.2408900260925293,4,1,0.02778240106999874,0.9850757122039795,3.2408900260925293,1.0673757791519165,0.14279793202877045
observed,73,14,lift_red_block_table,lift_red_block_table,4,3.660472869873047,2.2133169174194336,2.9155256748199463,1.3475580215454102,4.266664028167725,2.8598735332489014,3,1,0.06786870956420898,0.8776699304580688,2.8598735332489014,1.1424425840377808,0.20554523169994354
observed,74,14,place_in_slider,place_in_slider,4,3.154947280883789,2.5711829662323,1.82830810546875,0.7179620265960693,5.123807430267334,3.126643657684326,6,1,0.013794638216495514,0.8282897472381592,3.126643657684326,2.045942783355713,0.342582643032074
observed,75,14,turn_on_lightbulb,turn_on_lightbulb,4,2.8248326778411865,2.6863932609558105,0.8734819889068604,0.3370751142501831,2.5857834815979004,1.8572403192520142,1,0,0.008047685027122498,0.5184515714645386,1.8572403192520142,1.5339936017990112,0.12362774461507797
observed,76,14,place_in_slider,place_in_slider,4,2.669354200363159,2.580134868621826,0.6843649744987488,0.6993579864501953,4.208096504211426,3.097344160079956,1,0,0.03398449346423149,1.7082459926605225,3.097344160079956,0.8866068124771118,0.20714569091796875
observed,77,14,turn_off_lightbulb,turn_off_lightbulb,4,1.7250949144363403,1.23567533493042,1.2037686109542847,0.4021572470664978,4.244307041168213,2.6080079078674316,2,1,0.024266226217150688,0.5140066146850586,2.6080079078674316,2.162660598754883,0.46181410551071167
observed,78,14,place_in_slider,place_in_slider,4,2.804858684539795,1.7217025756835938,2.2142653465270996,0.6725491285324097,5.6129584312438965,3.738732099533081,6,1,0.03763842582702637,0.8595436811447144,3.738732099533081,2.4897074699401855,0.2683958411216736
observed,79,14,push_pink_block_right,push_pink_block_right,4,2.20631742477417,1.6349759101867676,1.4814488887786865,0.37766724824905396,4.223344802856445,2.0843560695648193,3,1,0.02029542438685894,0.6477867364883423,2.0843560695648193,0.7222558259963989,0.16838297247886658
observed,80,14,place_in_slider,place_in_slider,4,2.799086809158325,2.462550640106201,1.3306883573532104,0.5738295316696167,5.132462501525879,3.4022457599639893,6,1,0.022307878360152245,0.44307512044906616,3.4022457599639893,1.208129644393921,0.12733864784240723
observed,81,14,turn_off_lightbulb,turn_off_lightbulb,4,2.1127748489379883,1.8350677490234375,1.0470645427703857,0.26141032576560974,2.303696870803833,1.8733360767364502,1,0,0.006084192544221878,0.16220930218696594,1.8733360767364502,1.0536572933197021,0.18821273744106293
observed,82,14,lift_red_block_table,lift_red_block_table,4,2.5408389568328857,2.4279885292053223,0.7488211989402771,0.35392215847969055,3.6783833503723145,2.423245429992676,3,1,0.012143346481025219,0.1980263590812683,2.423245429992676,1.1161640882492065,0.347018301486969
observed,83,14,turn_on_lightbulb,turn_on_lightbulb,4,2.254204034805298,1.611012578010559,1.5767290592193604,0.4195294678211212,3.0165913105010986,1.971133828163147,1,0,0.01778039149940014,0.3601466715335846,1.971133828163147,1.6478421688079834,0.24930696189403534
observed,84,14,lift_blue_block_slider,lift_blue_block_slider,4,4.12479305267334,1.7565462589263916,3.7320854663848877,0.4088633060455322,4.335054397583008,3.4164962768554688,3,1,0.03472660109400749,0.6714721322059631,3.4164962768554688,2.29884672164917,0.2709078788757324
observed,85,14,place_in_slider,place_in_slider,4,3.3246970176696777,2.786391258239746,1.8137352466583252,2.0594677925109863,5.138107776641846,3.2583870887756348,6,1,0.11886123567819595,3.257269859313965,3.2583870887756348,1.914992332458496,0.26048046350479126
observed,86,14,lift_blue_block_slider,lift_blue_block_slider,4,2.460364580154419,1.9836241006851196,1.4555513858795166,0.7212420105934143,3.2892651557922363,2.6290123462677,1,0,0.020096266642212868,0.5469619035720825,2.6290123462677,1.2864998579025269,0.14796847105026245
observed,87,14,lift_red_block_table,lift_red_block_table,4,2.8136532306671143,2.514580249786377,1.2623509168624878,0.3665259778499603,3.5727295875549316,2.6270511150360107,2,1,0.019100481644272804,0.2627367377281189,2.6270511150360107,1.406308889389038,0.30159443616867065
observed,88,14,turn_off_lightbulb,turn_off_lightbulb,4,2.4760544300079346,1.8946795463562012,1.594062328338623,0.35924673080444336,3.267092227935791,2.321519374847412,1,0,0.023548683151602745,0.5846238136291504,2.321519374847412,1.329207181930542,0.26259875297546387
observed,89,14,lift_red_block_table,lift_red_block_table,4,2.775264263153076,2.586402654647827,1.0062872171401978,0.422883003950119,3.594935655593872,2.5824105739593506,2,1,0.04480360075831413,0.5483226776123047,2.5824105739593506,1.3158149719238281,0.3047282099723816
observed,90,14,turn_on_lightbulb,turn_on_lightbulb,4,1.991032600402832,1.8942826986312866,0.6131097674369812,0.6738142967224121,2.02299165725708,1.3503004312515259,1,0,0.02844579517841339,1.0496726036071777,1.3503004312515259,0.850939929485321,0.10177229344844818
observed,91,14,place_in_slider,place_in_slider,4,2.9349114894866943,2.720733642578125,1.1005969047546387,0.9263326525688171,4.062911033630371,2.993046760559082,1,0,0.008780932053923607,0.2920001149177551,2.993046760559082,1.4460656642913818,0.13958849012851715
observed,92,14,push_pink_block_right,push_pink_block_right,4,2.7823727130889893,2.470122814178467,1.2806603908538818,0.16395144164562225,4.2940192222595215,2.1404175758361816,3,1,0.01175779104232788,0.997128963470459,2.1404175758361816,1.2373541593551636,0.2135404646396637
observed,93,14,turn_on_lightbulb,turn_on_lightbulb,4,2.5331761837005615,2.3718671798706055,0.8895106315612793,0.3387090563774109,2.5902397632598877,1.954195261001587,1,0,0.01352588552981615,0.5516024827957153,1.954195261001587,1.422669768333435,0.187234029173851
observed,94,14,lift_red_block_table,lift_red_block_table,4,2.4228813648223877,2.002446174621582,1.3640251159667969,0.4396730959415436,3.2700564861297607,2.532663345336914,1,0,0.13116905093193054,0.795634388923645,2.532663345336914,1.3542554378509521,0.25400614738464355
observed,95,14,place_in_slider,place_in_slider,4,2.697413682937622,2.2138476371765137,1.5410772562026978,0.648067831993103,5.565846920013428,4.0031561851501465,6,1,0.06752151995897293,0.6492661833763123,4.0031561851501465,1.0087180137634277,0.09596353024244308
observed,96,14,turn_off_lightbulb,turn_off_lightbulb,4,1.597818374633789,1.5294541120529175,0.46237826347351074,0.3178810179233551,2.090022563934326,1.2269721031188965,1,0,0.006589026656001806,0.15330995619297028,1.2269721031188965,0.8085476160049438,0.1329622119665146
observed,97,14,lift_red_block_table,lift_red_block_table,4,3.7210915088653564,3.369162082672119,1.5796421766281128,0.6673688888549805,3.631563186645508,2.8834750652313232,3,1,0.065167136490345,0.6070324182510376,2.8834750652313232,2.0325143337249756,0.18195216357707977
observed,98,14,place_in_slider,place_in_slider,4,4.1249895095825195,2.1705172061920166,3.5077619552612305,1.3144623041152954,4.873320579528809,3.2036540508270264,6,1,0.04918554052710533,0.5104499459266663,3.2036540508270264,1.9790210723876953,0.1725035458803177
observed,99,14,lift_blue_block_slider,lift_blue_block_slider,4,2.2435381412506104,1.7063490152359009,1.4566525220870972,0.3749132454395294,3.0750341415405273,2.455491304397583,1,0,0.007819117046892643,0.28385651111602783,2.455491304397583,0.8722532391548157,0.1317616105079651
observed,100,14,lift_red_block_table,lift_red_block_table,4,3.300295829772949,2.8827004432678223,1.6068569421768188,0.5695699453353882,3.386056423187256,2.2844748497009277,1,0,0.03927689418196678,0.49194881319999695,2.2844748497009277,1.2617461681365967,0.20365221798419952
observed,101,24,lift_red_block_table,lift_red_block_table,4,3.3847875595092773,3.1292457580566406,1.2901962995529175,0.5694007277488708,3.318887710571289,2.133312702178955,2,1,0.05973315238952637,0.515755832195282,2.133312702178955,0.9406187534332275,0.20869939029216766
observed,102,24,place_in_slider,place_in_slider,4,3.487593650817871,3.3949594497680664,0.7984738945960999,0.5423240661621094,3.9884228706359863,2.841284990310669,1,0,0.0396219827234745,1.004848599433899,2.841284990310669,1.199038028717041,0.21416409313678741
observed,103,24,turn_off_lightbulb,turn_off_lightbulb,4,1.7512133121490479,1.4812802076339722,0.9341076612472534,0.3867730498313904,3.076730251312256,2.0738370418548584,1,0,0.037849247455596924,1.261625051498413,2.0738370418548584,0.89578777551651,0.12161979079246521
observed,104,24,lift_red_block_table,lift_red_block_table,4,3.4547650814056396,2.546630859375,2.3345389366149902,1.1326872110366821,3.9559147357940674,2.8473362922668457,3,1,0.14922557771205902,1.743434190750122,2.8473362922668457,1.4040488004684448,0.4602484107017517
observed,105,24,turn_on_lightbulb,turn_on_lightbulb,4,3.0411109924316406,2.9136199951171875,0.8713057637214661,0.7010654807090759,3.3780109882354736,2.164736270904541,1,0,0.02984180860221386,0.4678935706615448,2.164736270904541,1.8397566080093384,0.3045102655887604
observed,106,24,lift_blue_block_slider,lift_blue_block_slider,4,1.9181801080703735,1.5088016986846924,1.184454321861267,0.5706951022148132,3.013214349746704,2.2087087631225586,1,0,0.018074840307235718,0.37492474913597107,2.2087087631225586,0.9680522084236145,0.3104252219200134
observed,107,24,place_in_slider,place_in_slider,4,3.4136106967926025,2.9781901836395264,1.6682689189910889,0.6299450993537903,4.529790878295898,2.999441623687744,6,1,0.02596714161336422,0.9559246301651001,2.999441623687744,1.4061706066131592,0.28120461106300354
observed,108,24,push_pink_block_right,push_pink_block_right,4,2.436107635498047,1.981258749961853,1.417474389076233,0.2233559787273407,2.9445548057556152,2.165419101715088,1,0,0.022997627034783363,0.33023935556411743,2.165419101715088,1.8683680295944214,0.3593618869781494
observed,109,24,turn_on_lightbulb,turn_on_lightbulb,4,2.1734447479248047,1.905062198638916,1.0462310314178467,0.6498080492019653,2.339465618133545,1.6464380025863647,1,0,0.01635914109647274,0.19366668164730072,1.6464380025863647,1.136322259902954,0.26014354825019836
observed,110,24,turn_off_lightbulb,turn_off_lightbulb,4,2.493356943130493,2.118839979171753,1.3142852783203125,0.5850517749786377,2.8678383827209473,2.469146251678467,1,0,0.03191303089261055,0.42275696992874146,2.469146251678467,1.4521138668060303,0.14117872714996338
observed,111,24,turn_on_lightbulb,turn_on_lightbulb,4,2.170353889465332,2.023780345916748,0.7840599417686462,0.40521538257598877,3.1574394702911377,2.158785581588745,1,0,0.04156235232949257,0.520942211151123,2.158785581588745,1.0803492069244385,0.26368314027786255
observed,112,24,turn_off_lightbulb,turn_off_lightbulb,4,2.0784294605255127,1.6740821599960327,1.2317944765090942,0.5632259249687195,3.292482376098633,2.3872339725494385,1,0,0.02710181474685669,0.38014984130859375,2.3872339725494385,1.2928942441940308,0.3232501447200775
observed,113,24,push_pink_block_right,push_pink_block_right,4,2.7196202278137207,2.3167526721954346,1.4244266748428345,2.2360622882843018,4.378991603851318,2.4152283668518066,1,0,0.06035114452242851,3.1956851482391357,2.4152283668518066,2.1146883964538574,0.49968284368515015
observed,114,24,turn_on_lightbulb,turn_on_lightbulb,4,4.118430137634277,3.1681177616119385,2.631443738937378,2.108536958694458,3.947993755340576,3.0272202491760254,2,1,0.06615861505270004,2.496826171875,3.0272202491760254,1.6472824811935425,0.5116466879844666
observed,115,24,lift_red_block_table,lift_red_block_table,4,3.219167470932007,2.36575984954834,2.1831674575805664,0.6848706007003784,4.3764824867248535,2.977174758911133,4,1,0.1013651117682457,0.8219523429870605,2.977174758911133,1.3715119361877441,0.39348194003105164
observed,116,24,place_in_slider,place_in_slider,4,2.8659002780914307,2.055048942565918,1.9975382089614868,1.576556921005249,4.112773895263672,2.8743937015533447,1,0,0.05665520206093788,2.4143288135528564,2.8743937015533447,0.9858102202415466,0.10642724484205246
observed,117,24,turn_off_lightbulb,turn_off_lightbulb,4,2.0402779579162598,1.9445513486862183,0.6176202893257141,0.18983809649944305,2.8049628734588623,2.219886302947998,1,0,0.025344684720039368,0.346801221370697,2.219886302947998,1.0377141237258911,0.24979285895824432
observed,118,24,turn_on_lightbulb,turn_on_lightbulb,4,2.341552495956421,2.2343735694885254,0.7003161907196045,0.6762111186981201,2.4651618003845215,1.3538259267807007,1,0,0.010284519754350185,0.26068782806396484,1.3538259267807007,0.8242330551147461,0.27716362476348877
observed,119,24,push_pink_block_right,push_pink_block_right,4,2.57588791847229,1.8108450174331665,1.8319495916366577,0.6868388056755066,4.579886436462402,1.7354005575180054,3,1,0.06202824041247368,1.199681043624878,1.7354005575180054,1.2954720258712769,0.26340582966804504
observed,120,24,lift_red_block_table,lift_red_block_table,4,2.6777591705322266,2.4998271465301514,0.9598227143287659,0.8152674436569214,3.352355480194092,2.4034390449523926,2,1,0.03445081040263176,0.41641271114349365,2.4034390449523926,1.4644547700881958,0.2677670419216156
observed,121,24,place_in_slider,place_in_slider,4,3.084216356277466,3.017700433731079,0.6370828747749329,0.9031627774238586,4.469618320465088,3.1227660179138184,4,1,0.044291675090789795,1.2189635038375854,3.1227660179138184,0.9202603101730347,0.28681620955467224
observed,122,24,turn_on_lightbulb,turn_on_lightbulb,4,3.8603320121765137,1.6786596775054932,3.476243019104004,2.860898494720459,3.9697957038879395,3.184657573699951,3,1,0.11671724170446396,3.673798084259033,3.184657573699951,1.1804949045181274,0.22644038498401642
observed,123,24,push_pink_block_right,push_pink_block_right,4,2.3757026195526123,2.0227856636047363,1.2459138631820679,0.9097005128860474,3.6672816276550293,2.347304344177246,1,0,0.05515532195568085,2.524836778640747,2.347304344177246,2.0244569778442383,0.6084996461868286
observed,124,24,place_in_slider,place_in_slider,4,2.8255679607391357,2.45632004737854,1.3965407609939575,0.5971779227256775,5.556248664855957,3.904797077178955,6,1,0.022752681747078896,0.2466527372598648,3.904797077178955,1.4652208089828491,0.19192753732204437
observed,125,24,lift_blue_block_slider,lift_blue_block_slider,4,2.904573917388916,2.4515748023986816,1.5576682090759277,0.42075562477111816,4.723846435546875,2.9162230491638184,2,1,0.06712082773447037,1.7651655673980713,2.9162230491638184,1.4595792293548584,0.3513390123844147
observed,126,24,place_in_slider,place_in_slider,4,2.992640256881714,2.7784311771392822,1.1118531227111816,1.5585428476333618,5.901728630065918,3.9223239421844482,6,1,0.07463783025741577,1.5560404062271118,3.9223239421844482,0.9454681277275085,0.3058837354183197
observed,127,24,turn_off_lightbulb,turn_off_lightbulb,4,3.3835365772247314,3.136186122894287,1.2699044942855835,0.7200186848640442,4.6793012619018555,3.2879881858825684,4,1,0.053477343171834946,0.7908381223678589,3.2879881858825684,1.8502682447433472,0.28614160418510437
observed,128,24,place_in_slider,place_in_slider,4,2.968552827835083,2.377788782119751,1.7771962881088257,1.6428388357162476,5.302177906036377,3.4887759685516357,6,1,0.08811492472887039,1.7860896587371826,3.4887759685516357,1.7766698598861694,0.1429024487733841
observed,129,24,lift_blue_block_slider,lift_blue_block_slider,4,3.4592761993408203,3.2689781188964844,1.1315360069274902,0.6337693333625793,3.2230277061462402,2.2981112003326416,1,0,0.030496612191200256,0.3382413983345032,2.2981112003326416,1.4678781032562256,0.18124495446681976
observed,130,24,turn_on_lightbulb,turn_on_lightbulb,4,3.939692497253418,1.6371073722839355,3.583441972732544,0.5143420696258545,3.8201324939727783,3.0616724491119385,3,1,0.03796610236167908,0.7407271862030029,3.0616724491119385,1.69774329662323,0.1782282441854477
observed,131,24,lift_red_block_table,lift_red_block_table,4,2.361783742904663,2.1311986446380615,1.0178476572036743,0.5213657021522522,3.040555477142334,2.0128793716430664,1,0,0.029341833665966988,0.2710026502609253,2.0128793716430664,0.8149048089981079,0.31418371200561523
observed,132,24,turn_off_lightbulb,turn_off_lightbulb,4,1.6747095584869385,1.2635986804962158,1.0990772247314453,0.5348556637763977,2.35724139213562,1.9651066064834595,1,0,0.04054699465632439,1.029011845588684,1.9651066064834595,1.0750752687454224,0.17068222165107727
observed,133,26,turn_on_lightbulb,turn_on_lightbulb,4,2.725592613220215,1.9275319576263428,1.9270379543304443,0.42020630836486816,4.011270999908447,2.8129658699035645,3,1,0.03955065831542015,0.7125842571258545,2.8129658699035645,1.1845704317092896,0.28296101093292236
observed,134,26,place_in_slider,place_in_slider,4,3.05954647064209,2.5514771938323975,1.6884276866912842,2.0556557178497314,5.191716194152832,3.5268123149871826,6,1,0.07761437445878983,2.1642377376556396,3.5268123149871826,1.750693678855896,0.16333235800266266
observed,135,26,lift_red_block_table,lift_red_block_table,4,4.570622444152832,4.414234638214111,1.1853790283203125,0.7829064726829529,4.799064636230469,2.6388068199157715,3,1,0.04034021124243736,0.8612425327301025,2.6388068199157715,1.5576510429382324,0.37336885929107666
observed,136,26,lift_blue_block_slider,lift_blue_block_slider,4,2.806990623474121,1.695652961730957,2.236952543258667,0.6355976462364197,3.524925708770752,2.8447439670562744,1,0,0.01751801185309887,0.6395770311355591,2.8447439670562744,1.829211950302124,0.22149063646793365
observed,137,26,turn_on_lightbulb,turn_on_lightbulb,4,3.6752264499664307,2.9458041191101074,2.1976187229156494,1.8467434644699097,3.894486904144287,2.722808361053467,1,0,0.09120432287454605,2.5390641689300537,2.722808361053467,1.300161600112915,0.33234623074531555
observed,138,26,place_in_slider,place_in_slider,4,2.332353353500366,1.7929153442382812,1.4917529821395874,1.144741177558899,5.332762718200684,3.361379623413086,6,1,0.07871954888105392,1.1418704986572266,3.361379623413086,1.6615307331085205,0.31909164786338806
observed,139,26,turn_off_lightbulb,turn_off_lightbulb,4,1.739235520362854,1.3661623001098633,1.0763550996780396,0.6437826752662659,3.334242343902588,2.4310154914855957,2,1,0.04368467256426811,1.4006718397140503,2.4310154914855957,1.6510611772537231,0.2860165238380432
observed,140,26,lift_blue_block_slider,lift_blue_block_slider,4,2.2107770442962646,1.9132444858551025,1.107714056968689,0.49046462774276733,3.8014140129089355,2.4191646575927734,1,0,0.03288499638438225,0.5322285294532776,2.4191646575927734,2.119873046875,0.44524919986724854
observed,141,26,turn_on_lightbulb,turn_on_lightbulb,4,3.3441174030303955,3.0076730251312256,1.4618560075759888,0.29568395018577576,4.255311012268066,2.7308430671691895,6,1,0.0355488620698452,0.6442930698394775,2.7308430671691895,1.149324655532837,0.19913092255592346
observed,142,26,lift_blue_block_slider,lift_blue_block_slider,4,3.588658332824707,3.2736122608184814,1.4703510999679565,0.30680158734321594,4.091350078582764,2.56306529045105,1,0,0.01596081256866455,0.6785151958465576,2.56306529045105,2.2490742206573486,0.4455035924911499
observed,143,26,push_pink_block_right,push_pink_block_right,4,2.9708874225616455,2.746680498123169,1.132218599319458,0.1482447236776352,3.117276906967163,1.9386844635009766,1,0,0.009079772979021072,0.33802223205566406,1.9386844635009766,1.363822102546692,0.20993871986865997
observed,144,26,place_in_slider,place_in_slider,4,2.575828790664673,2.142990827560425,1.429154872894287,1.2006691694259644,5.764806270599365,3.8774333000183105,6,1,0.08967868238687515,1.071752667427063,3.8774333000183105,1.5556293725967407,0.23283985257148743
observed,145,26,turn_off_lightbulb,turn_off_lightbulb,4,2.1099960803985596,2.009990930557251,0.6418876051902771,1.0756566524505615,2.0970664024353027,1.4395616054534912,1,0,0.03829439356923103,1.6141120195388794,1.4395616054534912,1.034188985824585,0.16360105574131012
observed,146,26,lift_blue_block_slider,lift_blue_block_slider,4,3.3922667503356934,3.284174680709839,0.8495112657546997,0.612699568271637,3.284771680831909,2.0408713817596436,1,0,0.024340441450476646,0.481697142124176,2.0408713817596436,1.6203559637069702,0.15233144164085388
observed,147,26,turn_on_lightbulb,turn_on_lightbulb,4,2.903052806854248,2.7579092979431152,0.9064497351646423,0.6186935305595398,3.2920517921447754,2.0880064964294434,1,0,0.03781592473387718,1.4039316177368164,2.0880064964294434,1.087955117225647,0.25138556957244873
observed,148,26,place_in_slider,place_in_slider,4,2.6175529956817627,2.276864528656006,1.2913061380386353,1.3282829523086548,5.40592098236084,3.5227699279785156,6,1,0.08085034042596817,0.9181876182556152,3.5227699279785156,1.3326125144958496,0.18927296996116638
observed,149,26,turn_off_lightbulb,turn_off_lightbulb,4,3.7087557315826416,3.502127170562744,1.2206453084945679,0.7349935173988342,3.8796849250793457,2.7856147289276123,3,1,0.03452923521399498,0.3689276874065399,2.7856147289276123,1.7760041952133179,0.19273512065410614
observed,150,30,place_in_slider,place_in_slider,4,3.156803607940674,2.9723784923553467,1.0631901025772095,0.7423863410949707,4.054238796234131,3.049654483795166,1,0,0.011221925728023052,0.3508855104446411,3.049654483795166,1.4616897106170654,0.26946234703063965
observed,151,30,push_pink_block_right,push_pink_block_right,4,2.7752747535705566,2.632326602935791,0.8792075514793396,0.15628281235694885,3.42201566696167,1.616436243057251,1,0,0.020604871213436127,0.5582289099693298,1.616436243057251,0.9679662585258484,0.18985402584075928
observed,152,30,place_in_slider,place_in_slider,4,2.056978940963745,1.885551929473877,0.822104811668396,2.222416639328003,5.393952369689941,3.848989963531494,5,1,0.03232189640402794,0.7613992691040039,3.848989963531494,0.9276978373527527,0.22233623266220093
observed,153,30,lift_blue_block_slider,lift_blue_block_slider,4,1.9640744924545288,1.4095306396484375,1.3677763938903809,0.6524075865745544,3.0245039463043213,2.3072893619537354,1,0,0.035285044461488724,0.4426688551902771,2.3072893619537354,1.0178810358047485,0.1317567229270935
observed,154,30,lift_red_block_table,lift_red_block_table,4,3.324075222015381,3.206284284591675,0.8770502209663391,0.33950766921043396,3.9384467601776123,2.7581827640533447,5,1,0.07057789713144302,0.5503317713737488,2.7581827640533447,1.7428309917449951,0.36135244369506836
observed,155,30,place_in_slider,place_in_slider,4,3.056018352508545,2.7069618701934814,1.4183108806610107,0.8193373680114746,5.286795616149902,3.8470053672790527,5,1,0.05776068940758705,1.4898567199707031,3.8470053672790527,1.1613621711730957,0.2850552499294281
observed,156,30,push_pink_block_right,push_pink_block_right,4,2.831493854522705,1.8590812683105469,2.135690689086914,0.2509763538837433,5.512185096740723,4.578037261962891,4,1,0.07244914025068283,1.4289318323135376,4.578037261962891,2.3300459384918213,0.5337841510772705
observed,157,30,turn_on_lightbulb,turn_on_lightbulb,4,4.06268835067749,1.9668095111846924,3.5548696517944336,0.3346731662750244,3.0058326721191406,2.5779120922088623,1,0,0.017030438408255577,0.36394140124320984,2.5779120922088623,1.2451895475387573,0.15911291539669037
observed,158,30,turn_off_lightbulb,turn_off_lightbulb,4,1.5093238353729248,1.0988147258758545,1.034729242324829,0.32442155480384827,2.3396830558776855,1.5517017841339111,1,0,0.00914817675948143,0.29591572284698486,1.5517017841339111,0.7839503288269043,0.2154027819633484
observed,159,30,lift_blue_block_slider,lift_blue_block_slider,4,2.5142805576324463,2.3847389221191406,0.7966349720954895,0.7257381677627563,3.056088447570801,1.8601188659667969,1,0,0.0180458202958107,0.29353803396224976,1.8601188659667969,1.2413519620895386,0.2994231879711151
observed,160,30,turn_off_lightbulb,turn_off_lightbulb,4,3.5518734455108643,3.450364589691162,0.8430830836296082,0.21893973648548126,3.4123921394348145,2.6178979873657227,1,0,0.03408854082226753,0.9860680103302002,2.6178979873657227,1.1347572803497314,0.181741863489151
observed,161,30,lift_blue_block_slider,lift_blue_block_slider,4,3.1228151321411133,2.349238634109497,2.057438373565674,0.8701459765434265,3.632014513015747,2.975667953491211,1,0,0.038434598594903946,0.8000791668891907,2.975667953491211,1.7658488750457764,0.46127161383628845
observed,162,30,turn_on_lightbulb,turn_on_lightbulb,4,2.232450008392334,2.0448243618011475,0.8958382606506348,0.40816357731819153,2.293750047683716,1.782077431678772,1,0,0.013659724034368992,0.16733716428279877,1.782077431678772,1.1548949480056763,0.10761433094739914
observed,163,30,turn_off_lightbulb,turn_off_lightbulb,4,1.8967772722244263,1.2839477062225342,1.3961527347564697,0.3142773509025574,2.846384048461914,2.4876887798309326,3,1,0.02575104683637619,0.38181519508361816,2.4876887798309326,1.0059822797775269,0.17055590450763702
